time,sm_constant_lai,constant_lai
1989-01-01T00:00:00,0.5,2.5
1989-01-02T00:00:00,0.495,2.5
1989-01-03T00:00:00,0.49,2.5
1989-01-04T00:00:00,0.49340000057220457,2.5
1989-01-05T00:00:00,0.5112000017166137,2.5
1989-01-06T00:00:00,0.5102000017166137,2.5
1989-01-07T00:00:00,0.5052000017166137,2.5
1989-01-08T00:00:00,0.5020000017881393,2.5
1989-01-09T00:00:00,0.4988000018596649,2.5
1989-01-10T00:00:00,0.4970000019073486,2.5
1989-01-11T00:00:00,0.4920000019073486,2.5
1989-01-12T00:00:00,0.49340000200271605,2.5
1989-01-13T00:00:00,0.48840000200271605,2.5
1989-01-14T00:00:00,0.4870000021457672,2.5
1989-01-15T00:00:00,0.4820000021457672,2.5
1989-01-16T00:00:00,0.4770000021457672,2.5
1989-01-17T00:00:00,0.4746000022888184,2.5
1989-01-18T00:00:00,0.4696000022888184,2.5
1989-01-19T00:00:00,0.46460000228881837,2.5
1989-01-20T00:00:00,0.45960000228881837,2.5
1989-01-21T00:00:00,0.47100000190734864,2.5
1989-01-22T00:00:00,0.46600000190734864,2.5
1989-01-23T00:00:00,0.46100000190734863,2.5
1989-01-24T00:00:00,0.45600000190734863,2.5
1989-01-25T00:00:00,0.4510000019073486,2.5
1989-01-26T00:00:00,0.4460000019073486,2.5
1989-01-27T00:00:00,0.4410000019073486,2.5
1989-01-28T00:00:00,0.4360000019073486,2.5
1989-01-29T00:00:00,0.4310000019073486,2.5
1989-01-30T00:00:00,0.4260000019073486,2.5
1989-01-31T00:00:00,0.4210000019073486,2.5
1989-02-01T00:00:00,0.4160000019073486,2.5
1989-02-02T00:00:00,0.4110000019073486,2.5
1989-02-03T00:00:00,0.4060000019073486,2.5
1989-02-04T00:00:00,0.4024000018835067,2.5
1989-02-05T00:00:00,0.40200000178813927,2.5
1989-02-06T00:00:00,0.39700000178813927,2.5
1989-02-07T00:00:00,0.39200000178813926,2.5
1989-02-08T00:00:00,0.38700000178813926,2.5
1989-02-09T00:00:00,0.38200000178813925,2.5
1989-02-10T00:00:00,0.37700000178813925,2.5
1989-02-11T00:00:00,0.37200000178813925,2.5
1989-02-12T00:00:00,0.3696000019311904,2.5
1989-02-13T00:00:00,0.375000002503395,2.5
1989-02-14T00:00:00,0.370000002503395,2.5
1989-02-15T00:00:00,0.3736000028848647,2.5
1989-02-16T00:00:00,0.3686000028848647,2.5
1989-02-17T00:00:00,0.37000000298023217,2.5
1989-02-18T00:00:00,0.3806000033617019,2.5
1989-02-19T00:00:00,0.3806000033617019,2.5
1989-02-20T00:00:00,0.37900000345706936,2.5
1989-02-21T00:00:00,0.37400000345706935,2.5
1989-02-22T00:00:00,0.3774000040292739,2.5
1989-02-23T00:00:00,0.37920000422000877,2.5
1989-02-24T00:00:00,0.3820000044107436,2.5
1989-02-25T00:00:00,0.39820000517368304,2.5
1989-02-26T00:00:00,0.40620000517368304,2.5
1989-02-27T00:00:00,0.41240000498294815,2.5
1989-02-28T00:00:00,0.41540000498294816,2.5
1989-03-01T00:00:00,0.4180000048875807,2.5
1989-03-02T00:00:00,0.44120000565052014,2.5
1989-03-03T00:00:00,0.4456000062227247,2.5
1989-03-04T00:00:00,0.4462000061273573,2.5
1989-03-05T00:00:00,0.44120000612735727,2.5
1989-03-06T00:00:00,0.43620000612735726,2.5
1989-03-07T00:00:00,0.447800006508827,2.5
1989-03-08T00:00:00,0.44960000669956185,2.5
1989-03-09T00:00:00,0.44460000669956184,2.5
1989-03-10T00:00:00,0.43960000669956184,2.5
1989-03-11T00:00:00,0.43460000669956184,2.5
1989-03-12T00:00:00,0.42960000669956183,2.5
1989-03-13T00:00:00,0.4246000066995618,2.5
1989-03-14T00:00:00,0.42820000708103156,2.5
1989-03-15T00:00:00,0.4392000070810316,2.5
1989-03-16T00:00:00,0.4582000070810316,2.5
1989-03-17T00:00:00,0.4542000070810316,2.5
1989-03-18T00:00:00,0.4492000070810316,2.5
1989-03-19T00:00:00,0.4442000070810316,2.5
1989-03-20T00:00:00,0.44300000703334785,2.5
1989-03-21T00:00:00,0.44200000703334785,2.5
1989-03-22T00:00:00,0.4438000072240827,2.5
1989-03-23T00:00:00,0.4388000072240827,2.5
1989-03-24T00:00:00,0.4424000076055524,2.5
1989-03-25T00:00:00,0.43960000765323615,2.5
1989-03-26T00:00:00,0.43460000765323614,2.5
1989-03-27T00:00:00,0.42960000765323614,2.5
1989-03-28T00:00:00,0.42460000765323613,2.5
1989-03-29T00:00:00,0.41960000765323613,2.5
1989-03-30T00:00:00,0.4146000076532361,2.5
1989-03-31T00:00:00,0.4096000076532361,2.5
1989-04-01T00:00:00,0.4160000082254407,2.5
1989-04-02T00:00:00,0.43780000936984986,2.5
1989-04-03T00:00:00,0.43900000965595215,2.5
1989-04-04T00:00:00,0.44400000965595215,2.5
1989-04-05T00:00:00,0.4658000108003613,2.5
1989-04-06T00:00:00,0.47340001118183106,2.5
1989-04-07T00:00:00,0.47020001125335664,2.5
1989-04-08T00:00:00,0.46520001125335664,2.5
1989-04-09T00:00:00,0.4608000112771985,2.5
1989-04-10T00:00:00,0.4608000112771985,2.5
1989-04-11T00:00:00,0.4812000108957288,2.5
1989-04-12T00:00:00,0.49300001204013794,2.5
1989-04-13T00:00:00,0.5162000128030774,2.5
1989-04-14T00:00:00,0.5162000128030774,2.5
1989-04-15T00:00:00,0.5112000128030774,2.5
1989-04-16T00:00:00,0.5066000128090378,2.5
1989-04-17T00:00:00,0.5036000128090378,2.5
1989-04-18T00:00:00,0.49860001280903776,2.5
1989-04-19T00:00:00,0.4950000127851959,2.5
1989-04-20T00:00:00,0.4922000128328796,2.5
1989-04-21T00:00:00,0.5038000132143493,2.5
1989-04-22T00:00:00,0.5138000132143493,2.5
1989-04-23T00:00:00,0.5088000132143493,2.5
1989-04-24T00:00:00,0.5114000131189819,2.5
1989-04-25T00:00:00,0.5238000127375121,2.5
1989-04-26T00:00:00,0.5384000131189818,2.5
1989-04-27T00:00:00,0.5334000131189818,2.5
1989-04-28T00:00:00,0.5284000131189818,2.5
1989-04-29T00:00:00,0.5234000131189818,2.5
1989-04-30T00:00:00,0.5184000131189818,2.5
1989-05-01T00:00:00,0.5134000131189818,2.5
1989-05-02T00:00:00,0.5084000131189818,2.5
1989-05-03T00:00:00,0.5034000131189817,2.5
1989-05-04T00:00:00,0.49840001311898174,2.5
1989-05-05T00:00:00,0.49340001311898174,2.5
1989-05-06T00:00:00,0.48840001311898174,2.5
1989-05-07T00:00:00,0.48340001311898173,2.5
1989-05-08T00:00:00,0.4784000131189817,2.5
1989-05-09T00:00:00,0.49200001350045147,2.5
1989-05-10T00:00:00,0.5008000136911863,2.5
1989-05-11T00:00:00,0.5206000148355955,2.5
1989-05-12T00:00:00,0.5228000151216978,2.5
1989-05-13T00:00:00,0.5178000151216978,2.5
1989-05-14T00:00:00,0.5136000151336187,2.5
1989-05-15T00:00:00,0.5086000151336187,2.5
1989-05-16T00:00:00,0.5036000151336187,2.5
1989-05-17T00:00:00,0.49860001513361873,2.5
1989-05-18T00:00:00,0.49360001513361873,2.5
1989-05-19T00:00:00,0.4886000151336187,2.5
1989-05-20T00:00:00,0.4836000151336187,2.5
1989-05-21T00:00:00,0.4786000151336187,2.5
1989-05-22T00:00:00,0.4736000151336187,2.5
1989-05-23T00:00:00,0.4686000151336187,2.5
1989-05-24T00:00:00,0.4636000151336187,2.5
1989-05-25T00:00:00,0.4586000151336187,2.5
1989-05-26T00:00:00,0.4536000151336187,2.5
1989-05-27T00:00:00,0.4494000151455396,2.5
1989-05-28T00:00:00,0.4444000151455396,2.5
1989-05-29T00:00:00,0.4394000151455396,2.5
1989-05-30T00:00:00,0.4344000151455396,2.5
1989-05-31T00:00:00,0.4294000151455396,2.5
1989-06-01T00:00:00,0.4244000151455396,2.5
1989-06-02T00:00:00,0.43520001533627445,2.5
1989-06-03T00:00:00,0.44840001609921387,2.5
1989-06-04T00:00:00,0.4498000161945813,2.5
1989-06-05T00:00:00,0.4500000164806836,2.5
1989-06-06T00:00:00,0.45960001686215335,2.5
1989-06-07T00:00:00,0.46960001686215336,2.5
1989-06-08T00:00:00,0.4702000167667859,2.5
1989-06-09T00:00:00,0.4652000167667859,2.5
1989-06-10T00:00:00,0.47600001695752076,2.5
1989-06-11T00:00:00,0.47100001695752075,2.5
1989-06-12T00:00:00,0.46600001695752075,2.5
1989-06-13T00:00:00,0.46100001695752074,2.5
1989-06-14T00:00:00,0.45600001695752074,2.5
1989-06-15T00:00:00,0.45100001695752073,2.5
1989-06-16T00:00:00,0.44600001695752073,2.5
1989-06-17T00:00:00,0.4410000169575207,2.5
1989-06-18T00:00:00,0.4360000169575207,2.5
1989-06-19T00:00:00,0.4310000169575207,2.5
1989-06-20T00:00:00,0.4260000169575207,2.5
1989-06-21T00:00:00,0.4210000169575207,2.5
1989-06-22T00:00:00,0.43620001772046013,2.5
1989-06-23T00:00:00,0.4312000177204601,2.5
1989-06-24T00:00:00,0.4262000177204601,2.5
1989-06-25T00:00:00,0.4212000177204601,2.5
1989-06-26T00:00:00,0.41700001773238105,2.5
1989-06-27T00:00:00,0.4332000184953205,2.5
1989-06-28T00:00:00,0.4282000184953205,2.5
1989-06-29T00:00:00,0.43500001868605537,2.5
1989-06-30T00:00:00,0.43000001868605536,2.5
1989-07-01T00:00:00,0.4378000188767902,2.5
1989-07-02T00:00:00,0.43420001885294834,2.5
1989-07-03T00:00:00,0.42920001885294834,2.5
1989-07-04T00:00:00,0.4444000196158878,2.5
1989-07-05T00:00:00,0.4394000196158878,2.5
1989-07-06T00:00:00,0.4344000196158878,2.5
1989-07-07T00:00:00,0.4294000196158878,2.5
1989-07-08T00:00:00,0.4456000203788273,2.5
1989-07-09T00:00:00,0.44300002047419473,2.5
1989-07-10T00:00:00,0.43800002047419473,2.5
1989-07-11T00:00:00,0.4330000204741947,2.5
1989-07-12T00:00:00,0.4280000204741947,2.5
1989-07-13T00:00:00,0.4230000204741947,2.5
1989-07-14T00:00:00,0.4180000204741947,2.5
1989-07-15T00:00:00,0.4130000204741947,2.5
1989-07-16T00:00:00,0.4080000204741947,2.5
1989-07-17T00:00:00,0.4030000204741947,2.5
1989-07-18T00:00:00,0.3980000204741947,2.5
1989-07-19T00:00:00,0.3930000204741947,2.5
1989-07-20T00:00:00,0.3880000204741947,2.5
1989-07-21T00:00:00,0.3838000204861156,2.5
1989-07-22T00:00:00,0.3900000202953807,2.5
1989-07-23T00:00:00,0.391200020581483,2.5
1989-07-24T00:00:00,0.386200020581483,2.5
1989-07-25T00:00:00,0.381200020581483,2.5
1989-07-26T00:00:00,0.376200020581483,2.5
1989-07-27T00:00:00,0.371200020581483,2.5
1989-07-28T00:00:00,0.366200020581483,2.5
1989-07-29T00:00:00,0.361200020581483,2.5
1989-07-30T00:00:00,0.36340002086758527,2.5
1989-07-31T00:00:00,0.36560002115368756,2.5
1989-08-01T00:00:00,0.364000021249055,2.5
1989-08-02T00:00:00,0.359000021249055,2.5
1989-08-03T00:00:00,0.354000021249055,2.5
1989-08-04T00:00:00,0.349000021249055,2.5
1989-08-05T00:00:00,0.344000021249055,2.5
1989-08-06T00:00:00,0.348000021249055,2.5
1989-08-07T00:00:00,0.3724000208675853,2.5
1989-08-08T00:00:00,0.370600020915269,2.5
1989-08-09T00:00:00,0.365600020915269,2.5
1989-08-10T00:00:00,0.36420002105832017,2.5
1989-08-11T00:00:00,0.3626000211536876,2.5
1989-08-12T00:00:00,0.3576000211536876,2.5
1989-08-13T00:00:00,0.3526000211536876,2.5
1989-08-14T00:00:00,0.3476000211536876,2.5
1989-08-15T00:00:00,0.3426000211536876,2.5
1989-08-16T00:00:00,0.3696000211536876,2.5
1989-08-17T00:00:00,0.3646000211536876,2.5
1989-08-18T00:00:00,0.3596000211536876,2.5
1989-08-19T00:00:00,0.3546000211536876,2.5
1989-08-20T00:00:00,0.3496000211536876,2.5
1989-08-21T00:00:00,0.3446000211536876,2.5
1989-08-22T00:00:00,0.3396000211536876,2.5
1989-08-23T00:00:00,0.3346000211536876,2.5
1989-08-24T00:00:00,0.3296000211536876,2.5
1989-08-25T00:00:00,0.3398000209629527,2.5
1989-08-26T00:00:00,0.3452000215351573,2.5
1989-08-27T00:00:00,0.343400021582841,2.5
1989-08-28T00:00:00,0.338400021582841,2.5
1989-08-29T00:00:00,0.333400021582841,2.5
1989-08-30T00:00:00,0.328400021582841,2.5
1989-08-31T00:00:00,0.3320000219643107,2.5
1989-09-01T00:00:00,0.3270000219643107,2.5
1989-09-02T00:00:00,0.3220000219643107,2.5
1989-09-03T00:00:00,0.3170000219643107,2.5
1989-09-04T00:00:00,0.3120000219643107,2.5
1989-09-05T00:00:00,0.3070000219643107,2.5
1989-09-06T00:00:00,0.3020000219643107,2.5
1989-09-07T00:00:00,0.2970000219643107,2.5
1989-09-08T00:00:00,0.2920000219643107,2.5
1989-09-09T00:00:00,0.2870000219643107,2.5
1989-09-10T00:00:00,0.2820000219643107,2.5
1989-09-11T00:00:00,0.28220002225041296,2.5
1989-09-12T00:00:00,0.28560002282261754,2.5
1989-09-13T00:00:00,0.2974000239670267,2.5
1989-09-14T00:00:00,0.31400002434849644,2.5
1989-09-15T00:00:00,0.3316000247299662,2.5
1989-09-16T00:00:00,0.3268000247329464,2.5
1989-09-17T00:00:00,0.3218000247329464,2.5
1989-09-18T00:00:00,0.3168000247329464,2.5
1989-09-19T00:00:00,0.3220000245422115,2.5
1989-09-20T00:00:00,0.3170000245422115,2.5
1989-09-21T00:00:00,0.3120000245422115,2.5
1989-09-22T00:00:00,0.3442000253051509,2.5
1989-09-23T00:00:00,0.3448000252097835,2.5
1989-09-24T00:00:00,0.3398000252097835,2.5
1989-09-25T00:00:00,0.33480002520978347,2.5
1989-09-26T00:00:00,0.32980002520978347,2.5
1989-09-27T00:00:00,0.32480002520978346,2.5
1989-09-28T00:00:00,0.31980002520978346,2.5
1989-09-29T00:00:00,0.31480002520978345,2.5
1989-09-30T00:00:00,0.30980002520978345,2.5
1989-10-01T00:00:00,0.30480002520978344,2.5
1989-10-02T00:00:00,0.29980002520978344,2.5
1989-10-03T00:00:00,0.29480002520978343,2.5
1989-10-04T00:00:00,0.28980002520978343,2.5
1989-10-05T00:00:00,0.2848000252097834,2.5
1989-10-06T00:00:00,0.292200025781988,2.5
1989-10-07T00:00:00,0.3046000254005183,2.5
1989-10-08T00:00:00,0.3006000254005183,2.5
1989-10-09T00:00:00,0.30700002597272286,2.5
1989-10-10T00:00:00,0.3026000259965647,2.5
1989-10-11T00:00:00,0.30320002590119727,2.5
1989-10-12T00:00:00,0.29820002590119726,2.5
1989-10-13T00:00:00,0.2938000259250391,2.5
1989-10-14T00:00:00,0.29120002602040657,2.5
1989-10-15T00:00:00,0.28620002602040656,2.5
1989-10-16T00:00:00,0.28120002602040656,2.5
1989-10-17T00:00:00,0.27620002602040655,2.5
1989-10-18T00:00:00,0.27120002602040655,2.5
1989-10-19T00:00:00,0.270600026115774,2.5
1989-10-20T00:00:00,0.27120002602040655,2.5
1989-10-21T00:00:00,0.26620002602040654,2.5
1989-10-22T00:00:00,0.26120002602040654,2.5
1989-10-23T00:00:00,0.25620002602040653,2.5
1989-10-24T00:00:00,0.25120002602040653,2.5
1989-10-25T00:00:00,0.24620002602040653,2.5
1989-10-26T00:00:00,0.24120002602040652,2.5
1989-10-27T00:00:00,0.23620002602040652,2.5
1989-10-28T00:00:00,0.2606000256389368,2.5
1989-10-29T00:00:00,0.2836000256389368,2.5
1989-10-30T00:00:00,0.2870000262111414,2.5
1989-10-31T00:00:00,0.2972000260204065,2.5
1989-11-01T00:00:00,0.3306000275462854,2.5
1989-11-02T00:00:00,0.33940002773702027,2.5
1989-11-03T00:00:00,0.3352000277489412,2.5
1989-11-04T00:00:00,0.3484000285118807,2.5
1989-11-05T00:00:00,0.3498000286072481,2.5
1989-11-06T00:00:00,0.3448000286072481,2.5
1989-11-07T00:00:00,0.3398000286072481,2.5
1989-11-08T00:00:00,0.3428000286072481,2.5
1989-11-09T00:00:00,0.3378000286072481,2.5
1989-11-10T00:00:00,0.3328000286072481,2.5
1989-11-11T00:00:00,0.3278000286072481,2.5
1989-11-12T00:00:00,0.3228000286072481,2.5
1989-11-13T00:00:00,0.3178000286072481,2.5
1989-11-14T00:00:00,0.3128000286072481,2.5
1989-11-15T00:00:00,0.3078000286072481,2.5
1989-11-16T00:00:00,0.3028000286072481,2.5
1989-11-17T00:00:00,0.2978000286072481,2.5
1989-11-18T00:00:00,0.2928000286072481,2.5
1989-11-19T00:00:00,0.28780002860724807,2.5
1989-11-20T00:00:00,0.28280002860724807,2.5
1989-11-21T00:00:00,0.27780002860724806,2.5
1989-11-22T00:00:00,0.27380002860724806,2.5
1989-11-23T00:00:00,0.26880002860724805,2.5
1989-11-24T00:00:00,0.26380002860724805,2.5
1989-11-25T00:00:00,0.25880002860724804,2.5
1989-11-26T00:00:00,0.25380002860724804,2.5
1989-11-27T00:00:00,0.24880002860724804,2.5
1989-11-28T00:00:00,0.24380002860724803,2.5
1989-11-29T00:00:00,0.23880002860724803,2.5
1989-11-30T00:00:00,0.23380002860724802,2.5
1989-12-01T00:00:00,0.22880002860724802,2.5
1989-12-02T00:00:00,0.223800028607248,2.5
1989-12-03T00:00:00,0.218800028607248,2.5
1989-12-04T00:00:00,0.213800028607248,2.5
1989-12-05T00:00:00,0.208800028607248,2.5
1989-12-06T00:00:00,0.203800028607248,2.5
1989-12-07T00:00:00,0.198800028607248,2.5
1989-12-08T00:00:00,0.193800028607248,2.5
1989-12-09T00:00:00,0.18880002860724798,2.5
1989-12-10T00:00:00,0.18380002860724798,2.5
1989-12-11T00:00:00,0.1796000286191689,2.5
1989-12-12T00:00:00,0.1934000297635781,2.5
1989-12-13T00:00:00,0.21660003052651755,2.5
1989-12-14T00:00:00,0.24560003052651758,2.5
1989-12-15T00:00:00,0.28660003052651756,2.5
1989-12-16T00:00:00,0.3022000309079873,2.5
1989-12-17T00:00:00,0.3102000309079873,2.5
1989-12-18T00:00:00,0.3166000314801919,2.5
1989-12-19T00:00:00,0.3388000322431313,2.5
1989-12-20T00:00:00,0.3584000326246011,2.5
1989-12-21T00:00:00,0.3690000330060708,2.5
1989-12-22T00:00:00,0.3914000326246011,2.5
1989-12-23T00:00:00,0.4066000333875406,2.5
1989-12-24T00:00:00,0.4016000333875406,2.5
1989-12-25T00:00:00,0.3966000333875406,2.5
1989-12-26T00:00:00,0.39160003338754057,2.5
1989-12-27T00:00:00,0.38660003338754056,2.5
1989-12-28T00:00:00,0.38160003338754056,2.5
1989-12-29T00:00:00,0.37660003338754056,2.5
1989-12-30T00:00:00,0.37160003338754055,2.5
1989-12-31T00:00:00,0.36660003338754055,2.5
1990-01-01T00:00:00,0.36160003338754054,2.5
1990-01-02T00:00:00,0.35660003338754054,2.5
1990-01-03T00:00:00,0.35160003338754053,2.5
1990-01-04T00:00:00,0.34660003338754053,2.5
1990-01-05T00:00:00,0.3416000333875405,2.5
1990-01-06T00:00:00,0.3366000333875405,2.5
1990-01-07T00:00:00,0.3316000333875405,2.5
1990-01-08T00:00:00,0.3266000333875405,2.5
1990-01-09T00:00:00,0.3216000333875405,2.5
1990-01-10T00:00:00,0.3166000333875405,2.5
1990-01-11T00:00:00,0.3116000333875405,2.5
1990-01-12T00:00:00,0.3066000333875405,2.5
1990-01-13T00:00:00,0.3078000336736428,2.5
1990-01-14T00:00:00,0.3060000337213265,2.5
1990-01-15T00:00:00,0.3104000342935311,2.5
1990-01-16T00:00:00,0.3084000342935311,2.5
1990-01-17T00:00:00,0.30620003424584735,2.5
1990-01-18T00:00:00,0.30120003424584735,2.5
1990-01-19T00:00:00,0.3088000346273171,2.5
1990-01-20T00:00:00,0.3080000349134194,2.5
1990-01-21T00:00:00,0.30300003491341937,2.5
1990-01-22T00:00:00,0.30060003505647054,2.5
1990-01-23T00:00:00,0.35760003505647053,2.5
1990-01-24T00:00:00,0.3672000354379403,2.5
1990-01-25T00:00:00,0.39320003543794024,2.5
1990-01-26T00:00:00,0.3906000355333077,2.5
1990-01-27T00:00:00,0.3904000357240425,2.5
1990-01-28T00:00:00,0.385800035730003,2.5
1990-01-29T00:00:00,0.38340003587305416,2.5
1990-01-30T00:00:00,0.38040003587305415,2.5
1990-01-31T00:00:00,0.377000035896896,2.5
1990-02-01T00:00:00,0.385000035896896,2.5
1990-02-02T00:00:00,0.3826000360399472,2.5
1990-02-03T00:00:00,0.3838000363260495,2.5
1990-02-04T00:00:00,0.37880003632604947,2.5
1990-02-05T00:00:00,0.37380003632604947,2.5
1990-02-06T00:00:00,0.36880003632604946,2.5
1990-02-07T00:00:00,0.36380003632604946,2.5
1990-02-08T00:00:00,0.36080003632604946,2.5
1990-02-09T00:00:00,0.35580003632604945,2.5
1990-02-10T00:00:00,0.3878000363260494,2.5
1990-02-11T00:00:00,0.39460003651678427,2.5
1990-02-12T00:00:00,0.405200036898254,2.5
1990-02-13T00:00:00,0.4298000372797237,2.5
1990-02-14T00:00:00,0.49660004033148153,2.5
1990-02-15T00:00:00,0.4974000405222164,2.5
1990-02-16T00:00:00,0.4924000405222164,2.5
1990-02-17T00:00:00,0.4894000405222164,2.5
1990-02-18T00:00:00,0.4844000405222164,2.5
1990-02-19T00:00:00,0.48100004054605827,2.5
1990-02-20T00:00:00,0.47600004054605827,2.5
1990-02-21T00:00:00,0.47100004054605826,2.5
1990-02-22T00:00:00,0.46600004054605826,2.5
1990-02-23T00:00:00,0.46100004054605825,2.5
1990-02-24T00:00:00,0.45600004054605825,2.5
1990-02-25T00:00:00,0.462600040927528,2.5
1990-02-26T00:00:00,0.517600040927528,2.5
1990-02-27T00:00:00,0.528600040927528,2.5
1990-02-28T00:00:00,0.5534000420719372,2.5
1990-03-01T00:00:00,0.5646000428348766,2.5
1990-03-02T00:00:00,0.5624000427871929,2.5
1990-03-03T00:00:00,0.5574000427871929,2.5
1990-03-04T00:00:00,0.5524000427871929,2.5
1990-03-05T00:00:00,0.5474000427871929,2.5
1990-03-06T00:00:00,0.5424000427871929,2.5
1990-03-07T00:00:00,0.5374000427871929,2.5
1990-03-08T00:00:00,0.5324000427871929,2.5
1990-03-09T00:00:00,0.5274000427871929,2.5
1990-03-10T00:00:00,0.5226000427901731,2.5
1990-03-11T00:00:00,0.5176000427901731,2.5
1990-03-12T00:00:00,0.5126000427901731,2.5
1990-03-13T00:00:00,0.509200042814015,2.5
1990-03-14T00:00:00,0.504200042814015,2.5
1990-03-15T00:00:00,0.499200042814015,2.5
1990-03-16T00:00:00,0.494200042814015,2.5
1990-03-17T00:00:00,0.48920004281401497,2.5
1990-03-18T00:00:00,0.48420004281401496,2.5
1990-03-19T00:00:00,0.48100004288554055,2.5
1990-03-20T00:00:00,0.4796000430285917,2.5
1990-03-21T00:00:00,0.4746000430285917,2.5
1990-03-22T00:00:00,0.47720004293322427,2.5
1990-03-23T00:00:00,0.47220004293322426,2.5
1990-03-24T00:00:00,0.46900004300474984,2.5
1990-03-25T00:00:00,0.46700004300474984,2.5
1990-03-26T00:00:00,0.46820004329085213,2.5
1990-03-27T00:00:00,0.463800043314694,2.5
1990-03-28T00:00:00,0.46240004345774516,2.5
1990-03-29T00:00:00,0.45740004345774515,2.5
1990-03-30T00:00:00,0.45240004345774515,2.5
1990-03-31T00:00:00,0.44740004345774514,2.5
1990-04-01T00:00:00,0.44240004345774514,2.5
1990-04-02T00:00:00,0.44140004345774514,2.5
1990-04-03T00:00:00,0.44560004326701025,2.5
1990-04-04T00:00:00,0.4442000434100614,2.5
1990-04-05T00:00:00,0.4392000434100614,2.5
1990-04-06T00:00:00,0.4342000434100614,2.5
1990-04-07T00:00:00,0.4292000434100614,2.5
1990-04-08T00:00:00,0.4242000434100614,2.5
1990-04-09T00:00:00,0.4192000434100614,2.5
1990-04-10T00:00:00,0.41760004350542884,2.5
1990-04-11T00:00:00,0.41260004350542884,2.5
1990-04-12T00:00:00,0.4124000436961637,2.5
1990-04-13T00:00:00,0.41500004360079623,2.5
1990-04-14T00:00:00,0.43400004360079625,2.5
1990-04-15T00:00:00,0.4364000436961637,2.5
1990-04-16T00:00:00,0.4414000436961637,2.5
1990-04-17T00:00:00,0.4382000437676893,2.5
1990-04-18T00:00:00,0.44080004367232184,2.5
1990-04-19T00:00:00,0.4422000437676893,2.5
1990-04-20T00:00:00,0.4402000437676893,2.5
1990-04-21T00:00:00,0.44180004367232184,2.5
1990-04-22T00:00:00,0.4476000438630567,2.5
1990-04-23T00:00:00,0.44620004400610785,2.5
1990-04-24T00:00:00,0.44640004429221014,2.5
1990-04-25T00:00:00,0.44140004429221014,2.5
1990-04-26T00:00:00,0.43760004433989386,2.5
1990-04-27T00:00:00,0.43440004441141944,2.5
1990-04-28T00:00:00,0.42940004441141943,2.5
1990-04-29T00:00:00,0.42440004441141943,2.5
1990-04-30T00:00:00,0.4194000444114194,2.5
1990-05-01T00:00:00,0.4144000444114194,2.5
1990-05-02T00:00:00,0.4094000444114194,2.5
1990-05-03T00:00:00,0.4044000444114194,2.5
1990-05-04T00:00:00,0.3994000444114194,2.5
1990-05-05T00:00:00,0.3944000444114194,2.5
1990-05-06T00:00:00,0.3894000444114194,2.5
1990-05-07T00:00:00,0.3854000444114194,2.5
1990-05-08T00:00:00,0.3804000444114194,2.5
1990-05-09T00:00:00,0.38420004460215423,2.5
1990-05-10T00:00:00,0.39840004536509366,2.5
1990-05-11T00:00:00,0.39720004531740993,2.5
1990-05-12T00:00:00,0.39340004536509365,2.5
1990-05-13T00:00:00,0.38840004536509365,2.5
1990-05-14T00:00:00,0.38340004536509364,2.5
1990-05-15T00:00:00,0.37840004536509364,2.5
1990-05-16T00:00:00,0.37340004536509364,2.5
1990-05-17T00:00:00,0.36840004536509363,2.5
1990-05-18T00:00:00,0.3634000453650936,2.5
1990-05-19T00:00:00,0.3584000453650936,2.5
1990-05-20T00:00:00,0.3534000453650936,2.5
1990-05-21T00:00:00,0.3556000456511959,2.5
1990-05-22T00:00:00,0.3506000456511959,2.5
1990-05-23T00:00:00,0.3550000462234005,2.5
1990-05-24T00:00:00,0.3500000462234005,2.5
1990-05-25T00:00:00,0.34500004622340047,2.5
1990-05-26T00:00:00,0.34000004622340047,2.5
1990-05-27T00:00:00,0.33500004622340046,2.5
1990-05-28T00:00:00,0.33000004622340046,2.5
1990-05-29T00:00:00,0.32500004622340045,2.5
1990-05-30T00:00:00,0.32000004622340045,2.5
1990-05-31T00:00:00,0.31500004622340044,2.5
1990-06-01T00:00:00,0.320400046795605,2.5
1990-06-02T00:00:00,0.3180000469386562,2.5
1990-06-03T00:00:00,0.33180004808306535,2.5
1990-06-04T00:00:00,0.3324000479876979,2.5
1990-06-05T00:00:00,0.3292000480592235,2.5
1990-06-06T00:00:00,0.3310000482499583,2.5
1990-06-07T00:00:00,0.34920004901289775,2.5
1990-06-08T00:00:00,0.3580000492036326,2.5
1990-06-09T00:00:00,0.3652000490128977,2.5
1990-06-10T00:00:00,0.3602000490128977,2.5
1990-06-11T00:00:00,0.3552000490128977,2.5
1990-06-12T00:00:00,0.3502000490128977,2.5
1990-06-13T00:00:00,0.3452000490128977,2.5
1990-06-14T00:00:00,0.3402000490128977,2.5
1990-06-15T00:00:00,0.3352000490128977,2.5
1990-06-16T00:00:00,0.3302000490128977,2.5
1990-06-17T00:00:00,0.3252000490128977,2.5
1990-06-18T00:00:00,0.32200004908442326,2.5
1990-06-19T00:00:00,0.32300004908442326,2.5
1990-06-20T00:00:00,0.32420004937052554,2.5
1990-06-21T00:00:00,0.33040004917979066,2.5
1990-06-22T00:00:00,0.33980004975199524,2.5
1990-06-23T00:00:00,0.3394000496566278,2.5
1990-06-24T00:00:00,0.3344000496566278,2.5
1990-06-25T00:00:00,0.3294000496566278,2.5
1990-06-26T00:00:00,0.32700004979967895,2.5
1990-06-27T00:00:00,0.3376000501811487,2.5
1990-06-28T00:00:00,0.3326000501811487,2.5
1990-06-29T00:00:00,0.3526000501811487,2.5
1990-06-30T00:00:00,0.36620005056261845,2.5
1990-07-01T00:00:00,0.36740005084872074,2.5
1990-07-02T00:00:00,0.3748000514209253,2.5
1990-07-03T00:00:00,0.3726000513732416,2.5
1990-07-04T00:00:00,0.3808000511825067,2.5
1990-07-05T00:00:00,0.401200050801037,2.5
1990-07-06T00:00:00,0.398200050801037,2.5
1990-07-07T00:00:00,0.40860005137324157,2.5
1990-07-08T00:00:00,0.40860005137324157,2.5
1990-07-09T00:00:00,0.406000051468609,2.5
1990-07-10T00:00:00,0.401000051468609,2.5
1990-07-11T00:00:00,0.396000051468609,2.5
1990-07-12T00:00:00,0.391000051468609,2.5
1990-07-13T00:00:00,0.386000051468609,2.5
1990-07-14T00:00:00,0.381000051468609,2.5
1990-07-15T00:00:00,0.376000051468609,2.5
1990-07-16T00:00:00,0.371000051468609,2.5
1990-07-17T00:00:00,0.366000051468609,2.5
1990-07-18T00:00:00,0.361000051468609,2.5
1990-07-19T00:00:00,0.35600005146860897,2.5
1990-07-20T00:00:00,0.35100005146860896,2.5
1990-07-21T00:00:00,0.34600005146860896,2.5
1990-07-22T00:00:00,0.34100005146860896,2.5
1990-07-23T00:00:00,0.33600005146860895,2.5
1990-07-24T00:00:00,0.33100005146860895,2.5
1990-07-25T00:00:00,0.32600005146860894,2.5
1990-07-26T00:00:00,0.32100005146860894,2.5
1990-07-27T00:00:00,0.31600005146860893,2.5
1990-07-28T00:00:00,0.3348000526130181,2.5
1990-07-29T00:00:00,0.3298000526130181,2.5
1990-07-30T00:00:00,0.3248000526130181,2.5
1990-07-31T00:00:00,0.3198000526130181,2.5
1990-08-01T00:00:00,0.3148000526130181,2.5
1990-08-02T00:00:00,0.3098000526130181,2.5
1990-08-03T00:00:00,0.30480005261301807,2.5
1990-08-04T00:00:00,0.29980005261301806,2.5
1990-08-05T00:00:00,0.29480005261301806,2.5
1990-08-06T00:00:00,0.28980005261301806,2.5
1990-08-07T00:00:00,0.28480005261301805,2.5
1990-08-08T00:00:00,0.27980005261301805,2.5
1990-08-09T00:00:00,0.27480005261301804,2.5
1990-08-10T00:00:00,0.26980005261301804,2.5
1990-08-11T00:00:00,0.26480005261301803,2.5
1990-08-12T00:00:00,0.26060005262493896,2.5
1990-08-13T00:00:00,0.27360005262493897,2.5
1990-08-14T00:00:00,0.278600052624939,2.5
1990-08-15T00:00:00,0.2958000533878784,2.5
1990-08-16T00:00:00,0.30440005376934814,2.5
1990-08-17T00:00:00,0.29940005376934814,2.5
1990-08-18T00:00:00,0.2982000537216644,2.5
1990-08-19T00:00:00,0.2932000537216644,2.5
1990-08-20T00:00:00,0.28880005374550627,2.5
1990-08-21T00:00:00,0.28380005374550626,2.5
1990-08-22T00:00:00,0.27880005374550626,2.5
1990-08-23T00:00:00,0.27380005374550626,2.5
1990-08-24T00:00:00,0.26880005374550625,2.5
1990-08-25T00:00:00,0.2716000539362411,2.5
1990-08-26T00:00:00,0.2666000539362411,2.5
1990-08-27T00:00:00,0.2616000539362411,2.5
1990-08-28T00:00:00,0.2566000539362411,2.5
1990-08-29T00:00:00,0.2560000540316085,2.5
1990-08-30T00:00:00,0.3114000555574874,2.5
1990-08-31T00:00:00,0.34620005479454796,2.5
1990-09-01T00:00:00,0.34120005479454796,2.5
1990-09-02T00:00:00,0.33620005479454795,2.5
1990-09-03T00:00:00,0.33120005479454795,2.5
1990-09-04T00:00:00,0.3290000547468642,2.5
1990-09-05T00:00:00,0.3240000547468642,2.5
1990-09-06T00:00:00,0.32120005479454794,2.5
1990-09-07T00:00:00,0.3268000551760177,2.5
1990-09-08T00:00:00,0.3228000551760177,2.5
1990-09-09T00:00:00,0.31780005517601767,2.5
1990-09-10T00:00:00,0.31280005517601767,2.5
1990-09-11T00:00:00,0.30780005517601766,2.5
1990-09-12T00:00:00,0.30280005517601766,2.5
1990-09-13T00:00:00,0.29780005517601765,2.5
1990-09-14T00:00:00,0.29280005517601765,2.5
1990-09-15T00:00:00,0.28780005517601764,2.5
1990-09-16T00:00:00,0.28280005517601764,2.5
1990-09-17T00:00:00,0.27780005517601764,2.5
1990-09-18T00:00:00,0.27280005517601763,2.5
1990-09-19T00:00:00,0.2678000551760176,2.5
1990-09-20T00:00:00,0.2628000551760176,2.5
1990-09-21T00:00:00,0.2702000557482222,2.5
1990-09-22T00:00:00,0.2966000553667525,2.5
1990-09-23T00:00:00,0.30040005555748733,2.5
1990-09-24T00:00:00,0.30360005536675244,2.5
1990-09-25T00:00:00,0.29860005536675244,2.5
1990-09-26T00:00:00,0.29360005536675243,2.5
1990-09-27T00:00:00,0.28860005536675243,2.5
1990-09-28T00:00:00,0.2836000553667524,2.5
1990-09-29T00:00:00,0.283200055271385,2.5
1990-09-30T00:00:00,0.31720005527138495,2.5
1990-10-01T00:00:00,0.31920005527138495,2.5
1990-10-02T00:00:00,0.31420005527138495,2.5
1990-10-03T00:00:00,0.33040005603432443,2.5
1990-10-04T00:00:00,0.3254000560343244,2.5
1990-10-05T00:00:00,0.3204000560343244,2.5
1990-10-06T00:00:00,0.3154000560343244,2.5
1990-10-07T00:00:00,0.3104000560343244,2.5
1990-10-08T00:00:00,0.3054000560343244,2.5
1990-10-09T00:00:00,0.3004000560343244,2.5
1990-10-10T00:00:00,0.2954000560343244,2.5
1990-10-11T00:00:00,0.2904000560343244,2.5
1990-10-12T00:00:00,0.2854000560343244,2.5
1990-10-13T00:00:00,0.2804000560343244,2.5
1990-10-14T00:00:00,0.2754000560343244,2.5
1990-10-15T00:00:00,0.27320005598664066,2.5
1990-10-16T00:00:00,0.2708000561296918,2.5
1990-10-17T00:00:00,0.27060005632042666,2.5
1990-10-18T00:00:00,0.26560005632042666,2.5
1990-10-19T00:00:00,0.26060005632042665,2.5
1990-10-20T00:00:00,0.25560005632042665,2.5
1990-10-21T00:00:00,0.25060005632042665,2.5
1990-10-22T00:00:00,0.24560005632042664,2.5
1990-10-23T00:00:00,0.24060005632042664,2.5
1990-10-24T00:00:00,0.23560005632042663,2.5
1990-10-25T00:00:00,0.24180005612969177,2.5
1990-10-26T00:00:00,0.24840005651116148,2.5
1990-10-27T00:00:00,0.2726000572741009,2.5
1990-10-28T00:00:00,0.36280006185173763,2.5
1990-10-29T00:00:00,0.37780006185173765,2.5
1990-10-30T00:00:00,0.3764000619947888,2.5
1990-10-31T00:00:00,0.37460006204247254,2.5
1990-11-01T00:00:00,0.37880006185173765,2.5
1990-11-02T00:00:00,0.37880006185173765,2.5
1990-11-03T00:00:00,0.3766000618040539,2.5
1990-11-04T00:00:00,0.3756000618040539,2.5
1990-11-05T00:00:00,0.3706000618040539,2.5
1990-11-06T00:00:00,0.3656000618040539,2.5
1990-11-07T00:00:00,0.3606000618040539,2.5
1990-11-08T00:00:00,0.3556000618040539,2.5
1990-11-09T00:00:00,0.3508000618070341,2.5
1990-11-10T00:00:00,0.35760006199776895,2.5
1990-11-11T00:00:00,0.3614000621885038,2.5
1990-11-12T00:00:00,0.3564000621885038,2.5
1990-11-13T00:00:00,0.36900006256997353,2.5
1990-11-14T00:00:00,0.3774000631421781,2.5
1990-11-15T00:00:00,0.3724000631421781,2.5
1990-11-16T00:00:00,0.36980006323754555,2.5
1990-11-17T00:00:00,0.37280006323754555,2.5
1990-11-18T00:00:00,0.37820006380975013,2.5
1990-11-19T00:00:00,0.3804000640958524,2.5
1990-11-20T00:00:00,0.4072000652402616,2.5
1990-11-21T00:00:00,0.4022000652402616,2.5
1990-11-22T00:00:00,0.3972000652402616,2.5
1990-11-23T00:00:00,0.39380006526410344,2.5
1990-11-24T00:00:00,0.39680006526410344,2.5
1990-11-25T00:00:00,0.402200065836308,2.5
1990-11-26T00:00:00,0.397200065836308,2.5
1990-11-27T00:00:00,0.392200065836308,2.5
1990-11-28T00:00:00,0.387200065836308,2.5
1990-11-29T00:00:00,0.388200065836308,2.5
1990-11-30T00:00:00,0.383200065836308,2.5
1990-12-01T00:00:00,0.3784000658392882,2.5
1990-12-02T00:00:00,0.3734000658392882,2.5
1990-12-03T00:00:00,0.3684000658392882,2.5
1990-12-04T00:00:00,0.3634000658392882,2.5
1990-12-05T00:00:00,0.3584000658392882,2.5
1990-12-06T00:00:00,0.3534000658392882,2.5
1990-12-07T00:00:00,0.3484000658392882,2.5
1990-12-08T00:00:00,0.3454000658392882,2.5
1990-12-09T00:00:00,0.35860006660222765,2.5
1990-12-10T00:00:00,0.3758000673651671,2.5
1990-12-11T00:00:00,0.3788000673651671,2.5
1990-12-12T00:00:00,0.3846000675559019,2.5
1990-12-13T00:00:00,0.3796000675559019,2.5
1990-12-14T00:00:00,0.3746000675559019,2.5
1990-12-15T00:00:00,0.37040006756782284,2.5
1990-12-16T00:00:00,0.36540006756782284,2.5
1990-12-17T00:00:00,0.36040006756782283,2.5
1990-12-18T00:00:00,0.35540006756782283,2.5
1990-12-19T00:00:00,0.3504000675678228,2.5
1990-12-20T00:00:00,0.3656000683307623,2.5
1990-12-21T00:00:00,0.37420006871223205,2.5
1990-12-22T00:00:00,0.37320006871223205,2.5
1990-12-23T00:00:00,0.3688000687360739,2.5
1990-12-24T00:00:00,0.3638000687360739,2.5
1990-12-25T00:00:00,0.37540006911754364,2.5
1990-12-26T00:00:00,0.39540006911754366,2.5
1990-12-27T00:00:00,0.3978000692129111,2.5
1990-12-28T00:00:00,0.4088000692129111,2.5
1990-12-29T00:00:00,0.44620007073879003,2.5
1990-12-30T00:00:00,0.4418000707626319,2.5
1990-12-31T00:00:00,0.44960007095336674,2.5
1991-01-01T00:00:00,0.46780007171630617,2.5
1991-01-02T00:00:00,0.49680007171630614,2.5
1991-01-03T00:00:00,0.533200073242185,2.5
1991-01-04T00:00:00,0.5314000732898687,2.5
1991-01-05T00:00:00,0.5498000729083989,2.5
1991-01-06T00:00:00,0.5484000730514501,2.5
1991-01-07T00:00:00,0.5514000730514501,2.5
1991-01-08T00:00:00,0.5568000736236547,2.5
1991-01-09T00:00:00,0.5630000734329198,2.5
1991-01-10T00:00:00,0.5992000741958593,2.5
1991-01-11T00:00:00,0.6022000741958593,2.5
1991-01-12T00:00:00,0.5972000741958593,2.5
1991-01-13T00:00:00,0.5922000741958593,2.5
1991-01-14T00:00:00,0.5872000741958593,2.5
1991-01-15T00:00:00,0.5822000741958593,2.5
1991-01-16T00:00:00,0.5772000741958593,2.5
1991-01-17T00:00:00,0.5722000741958593,2.5
1991-01-18T00:00:00,0.5672000741958593,2.5
1991-01-19T00:00:00,0.5696000742912267,2.5
1991-01-20T00:00:00,0.5668000743389104,2.5
1991-01-21T00:00:00,0.5652000744342779,2.5
1991-01-22T00:00:00,0.5602000744342779,2.5
1991-01-23T00:00:00,0.5552000744342779,2.5
1991-01-24T00:00:00,0.5502000744342779,2.5
1991-01-25T00:00:00,0.5452000744342779,2.5
1991-01-26T00:00:00,0.5402000744342779,2.5
1991-01-27T00:00:00,0.5352000744342779,2.5
1991-01-28T00:00:00,0.5302000744342779,2.5
1991-01-29T00:00:00,0.5252000744342779,2.5
1991-01-30T00:00:00,0.5202000744342778,2.5
1991-01-31T00:00:00,0.5152000744342778,2.5
1991-02-01T00:00:00,0.5102000744342778,2.5
1991-02-02T00:00:00,0.5052000744342778,2.5
1991-02-03T00:00:00,0.5002000744342778,2.5
1991-02-04T00:00:00,0.4952000744342778,2.5
1991-02-05T00:00:00,0.49260007452964527,2.5
1991-02-06T00:00:00,0.48760007452964527,2.5
1991-02-07T00:00:00,0.484800074577329,2.5
1991-02-08T00:00:00,0.4820000746250127,2.5
1991-02-09T00:00:00,0.4810000746250127,2.5
1991-02-10T00:00:00,0.48180007481574755,2.5
1991-02-11T00:00:00,0.48380007481574755,2.5
1991-02-12T00:00:00,0.47880007481574755,2.5
1991-02-13T00:00:00,0.47600007486343127,2.5
1991-02-14T00:00:00,0.47280007493495685,2.5
1991-02-15T00:00:00,0.47980007493495685,2.5
1991-02-16T00:00:00,0.47480007493495685,2.5
1991-02-17T00:00:00,0.46980007493495685,2.5
1991-02-18T00:00:00,0.46480007493495684,2.5
1991-02-19T00:00:00,0.45980007493495684,2.5
1991-02-20T00:00:00,0.45480007493495683,2.5
1991-02-21T00:00:00,0.4516000750064824,2.5
1991-02-22T00:00:00,0.4482000750303243,2.5
1991-02-23T00:00:00,0.44320007503032427,2.5
1991-02-24T00:00:00,0.43820007503032427,2.5
1991-02-25T00:00:00,0.43320007503032426,2.5
1991-02-26T00:00:00,0.42820007503032426,2.5
1991-02-27T00:00:00,0.42820007503032426,2.5
1991-02-28T00:00:00,0.42320007503032425,2.5
1991-03-01T00:00:00,0.42440007531642654,2.5
1991-03-02T00:00:00,0.4262000755071614,2.5
1991-03-03T00:00:00,0.4212000755071614,2.5
1991-03-04T00:00:00,0.41620007550716137,2.5
1991-03-05T00:00:00,0.41420007550716137,2.5
1991-03-06T00:00:00,0.41300007545947764,2.5
1991-03-07T00:00:00,0.41020007550716137,2.5
1991-03-08T00:00:00,0.4074000755548451,2.5
1991-03-09T00:00:00,0.4024000755548451,2.5
1991-03-10T00:00:00,0.4042000757455799,2.5
1991-03-11T00:00:00,0.3992000757455799,2.5
1991-03-12T00:00:00,0.3942000757455799,2.5
1991-03-13T00:00:00,0.3892000757455799,2.5
1991-03-14T00:00:00,0.38460007575154037,2.5
1991-03-15T00:00:00,0.37960007575154037,2.5
1991-03-16T00:00:00,0.37460007575154036,2.5
1991-03-17T00:00:00,0.3720000758469078,2.5
1991-03-18T00:00:00,0.3698000757992241,2.5
1991-03-19T00:00:00,0.4050000765621635,2.5
1991-03-20T00:00:00,0.4070000765621635,2.5
1991-03-21T00:00:00,0.4406000788509819,2.5
1991-03-22T00:00:00,0.43640007886290283,2.5
1991-03-23T00:00:00,0.4314000788629028,2.5
1991-03-24T00:00:00,0.4264000788629028,2.5
1991-03-25T00:00:00,0.4214000788629028,2.5
1991-03-26T00:00:00,0.4164000788629028,2.5
1991-03-27T00:00:00,0.4114000788629028,2.5
1991-03-28T00:00:00,0.4064000788629028,2.5
1991-03-29T00:00:00,0.4014000788629028,2.5
1991-03-30T00:00:00,0.3964000788629028,2.5
1991-03-31T00:00:00,0.3914000788629028,2.5
1991-04-01T00:00:00,0.3864000788629028,2.5
1991-04-02T00:00:00,0.3814000788629028,2.5
1991-04-03T00:00:00,0.37800007888674464,2.5
1991-04-04T00:00:00,0.3806000787913772,2.5
1991-04-05T00:00:00,0.3756000787913772,2.5
1991-04-06T00:00:00,0.37300007888674463,2.5
1991-04-07T00:00:00,0.3714000789821121,2.5
1991-04-08T00:00:00,0.3676000790297958,2.5
1991-04-09T00:00:00,0.3626000790297958,2.5
1991-04-10T00:00:00,0.3576000790297958,2.5
1991-04-11T00:00:00,0.3526000790297958,2.5
1991-04-12T00:00:00,0.3476000790297958,2.5
1991-04-13T00:00:00,0.3426000790297958,2.5
1991-04-14T00:00:00,0.3376000790297958,2.5
1991-04-15T00:00:00,0.33260007902979577,2.5
1991-04-16T00:00:00,0.32760007902979577,2.5
1991-04-17T00:00:00,0.3242000790536376,2.5
1991-04-18T00:00:00,0.3222000790536376,2.5
1991-04-19T00:00:00,0.3214000793397399,2.5
1991-04-20T00:00:00,0.3164000793397399,2.5
1991-04-21T00:00:00,0.3114000793397399,2.5
1991-04-22T00:00:00,0.3208000799119445,2.5
1991-04-23T00:00:00,0.3178000799119445,2.5
1991-04-24T00:00:00,0.3128000799119445,2.5
1991-04-25T00:00:00,0.30780007991194447,2.5
1991-04-26T00:00:00,0.30280007991194446,2.5
1991-04-27T00:00:00,0.29780007991194446,2.5
1991-04-28T00:00:00,0.29280007991194446,2.5
1991-04-29T00:00:00,0.30520007953047473,2.5
1991-04-30T00:00:00,0.32680007991194443,2.5
1991-05-01T00:00:00,0.32320007988810256,2.5
1991-05-02T00:00:00,0.31820007988810256,2.5
1991-05-03T00:00:00,0.31500007995962814,2.5
1991-05-04T00:00:00,0.3138000799119444,2.5
1991-05-05T00:00:00,0.3088000799119444,2.5
1991-05-06T00:00:00,0.3038000799119444,2.5
1991-05-07T00:00:00,0.2988000799119444,2.5
1991-05-08T00:00:00,0.29440007993578626,2.5
1991-05-09T00:00:00,0.28940007993578626,2.5
1991-05-10T00:00:00,0.28440007993578625,2.5
1991-05-11T00:00:00,0.27940007993578625,2.5
1991-05-12T00:00:00,0.27440007993578625,2.5
1991-05-13T00:00:00,0.2718000800311537,2.5
1991-05-14T00:00:00,0.2698000800311537,2.5
1991-05-15T00:00:00,0.26940007993578624,2.5
1991-05-16T00:00:00,0.26440007993578624,2.5
1991-05-17T00:00:00,0.25940007993578623,2.5
1991-05-18T00:00:00,0.2544000799357862,2.5
1991-05-19T00:00:00,0.24940007993578622,2.5
1991-05-20T00:00:00,0.24440007993578622,2.5
1991-05-21T00:00:00,0.23940007993578621,2.5
1991-05-22T00:00:00,0.2344000799357862,2.5
1991-05-23T00:00:00,0.2294000799357862,2.5
1991-05-24T00:00:00,0.2244000799357862,2.5
1991-05-25T00:00:00,0.2194000799357862,2.5
1991-05-26T00:00:00,0.2144000799357862,2.5
1991-05-27T00:00:00,0.2094000799357862,2.5
1991-05-28T00:00:00,0.20440007993578618,2.5
1991-05-29T00:00:00,0.19940007993578618,2.5
1991-05-30T00:00:00,0.19440007993578617,2.5
1991-05-31T00:00:00,0.18940007993578617,2.5
1991-06-01T00:00:00,0.18440007993578617,2.5
1991-06-02T00:00:00,0.17940007993578616,2.5
1991-06-03T00:00:00,0.17440007993578616,2.5
1991-06-04T00:00:00,0.16940007993578615,2.5
1991-06-05T00:00:00,0.1670000800788373,2.5
1991-06-06T00:00:00,0.19260008046030702,2.5
1991-06-07T00:00:00,0.19880008026957216,2.5
1991-06-08T00:00:00,0.19600008031725588,2.5
1991-06-09T00:00:00,0.20320008012652102,2.5
1991-06-10T00:00:00,0.2126000806987256,2.5
1991-06-11T00:00:00,0.2076000806987256,2.5
1991-06-12T00:00:00,0.2026000806987256,2.5
1991-06-13T00:00:00,0.203000080794093,2.5
1991-06-14T00:00:00,0.20020008084177673,2.5
1991-06-15T00:00:00,0.19700008091330232,2.5
1991-06-16T00:00:00,0.19240008091926278,2.5
1991-06-17T00:00:00,0.18940008091926278,2.5
1991-06-18T00:00:00,0.19000008082389533,2.5
1991-06-19T00:00:00,0.19220008110999762,2.5
1991-06-20T00:00:00,0.20840008187293707,2.5
1991-06-21T00:00:00,0.20340008187293707,2.5
1991-06-22T00:00:00,0.21040008187293707,2.5
1991-06-23T00:00:00,0.21960008168220221,2.5
1991-06-24T00:00:00,0.22020008158683477,2.5
1991-06-25T00:00:00,0.2174000816345185,2.5
1991-06-26T00:00:00,0.21960008192062078,2.5
1991-06-27T00:00:00,0.23380008268356023,2.5
1991-06-28T00:00:00,0.22880008268356022,2.5
1991-06-29T00:00:00,0.22380008268356022,2.5
1991-06-30T00:00:00,0.21880008268356022,2.5
1991-07-01T00:00:00,0.2138000826835602,2.5
1991-07-02T00:00:00,0.2088000826835602,2.5
1991-07-03T00:00:00,0.2038000826835602,2.5
1991-07-04T00:00:00,0.1988000826835602,2.5
1991-07-05T00:00:00,0.1938000826835602,2.5
1991-07-06T00:00:00,0.1968000826835602,2.5
1991-07-07T00:00:00,0.20900008344649965,2.5
1991-07-08T00:00:00,0.20400008344649964,2.5
1991-07-09T00:00:00,0.19900008344649964,2.5
1991-07-10T00:00:00,0.19400008344649963,2.5
1991-07-11T00:00:00,0.18900008344649963,2.5
1991-07-12T00:00:00,0.18400008344649962,2.5
1991-07-13T00:00:00,0.21200008344649962,2.5
1991-07-14T00:00:00,0.20700008344649962,2.5
1991-07-15T00:00:00,0.2020000834464996,2.5
1991-07-16T00:00:00,0.1970000834464996,2.5
1991-07-17T00:00:00,0.1920000834464996,2.5
1991-07-18T00:00:00,0.1942000837326019,2.5
1991-07-19T00:00:00,0.1892000837326019,2.5
1991-07-20T00:00:00,0.18420008373260188,2.5
1991-07-21T00:00:00,0.17920008373260188,2.5
1991-07-22T00:00:00,0.17420008373260187,2.5
1991-07-23T00:00:00,0.16920008373260187,2.5
1991-07-24T00:00:00,0.17320008373260187,2.5
1991-07-25T00:00:00,0.18620008373260188,2.5
1991-07-26T00:00:00,0.18120008373260188,2.5
1991-07-27T00:00:00,0.17620008373260188,2.5
1991-07-28T00:00:00,0.17120008373260187,2.5
1991-07-29T00:00:00,0.16620008373260187,2.5
1991-07-30T00:00:00,0.17420008373260187,2.5
1991-07-31T00:00:00,0.16920008373260187,2.5
1991-08-01T00:00:00,0.16420008373260186,2.5
1991-08-02T00:00:00,0.15920008373260186,2.5
1991-08-03T00:00:00,0.15420008373260186,2.5
1991-08-04T00:00:00,0.14920008373260185,2.5
1991-08-05T00:00:00,0.14420008373260185,2.5
1991-08-06T00:00:00,0.13920008373260184,2.5
1991-08-07T00:00:00,0.1554000844955413,2.5
1991-08-08T00:00:00,0.16640008449554128,2.5
1991-08-09T00:00:00,0.16140008449554127,2.5
1991-08-10T00:00:00,0.15640008449554127,2.5
1991-08-11T00:00:00,0.15140008449554127,2.5
1991-08-12T00:00:00,0.14640008449554126,2.5
1991-08-13T00:00:00,0.14140008449554126,2.5
1991-08-14T00:00:00,0.13640008449554125,2.5
1991-08-15T00:00:00,0.13140008449554125,2.5
1991-08-16T00:00:00,0.12640008449554124,2.5
1991-08-17T00:00:00,0.12140008449554124,2.5
1991-08-18T00:00:00,0.11640008449554123,2.5
1991-08-19T00:00:00,0.11140008449554123,2.5
1991-08-20T00:00:00,0.10640008449554123,2.5
1991-08-21T00:00:00,0.10140008449554122,2.5
1991-08-22T00:00:00,0.09640008449554122,2.5
1991-08-23T00:00:00,0.09140008449554121,2.5
1991-08-24T00:00:00,0.08640008449554121,2.5
1991-08-25T00:00:00,0.0814000844955412,2.5
1991-08-26T00:00:00,0.0764000844955412,2.5
1991-08-27T00:00:00,0.0714000844955412,2.5
1991-08-28T00:00:00,0.06640008449554119,2.5
1991-08-29T00:00:00,0.06140008449554119,2.5
1991-08-30T00:00:00,0.056400084495541195,2.5
1991-08-31T00:00:00,0.0514000844955412,2.5
1991-09-01T00:00:00,0.04780008447169934,2.5
1991-09-02T00:00:00,0.04280008447169934,2.5
1991-09-03T00:00:00,0.037800084471699344,2.5
1991-09-04T00:00:00,0.032800084471699346,2.5
1991-09-05T00:00:00,0.027800084471699345,2.5
1991-09-06T00:00:00,0.022800084471699344,2.5
1991-09-07T00:00:00,0.017800084471699344,2.5
1991-09-08T00:00:00,0.012800084471699343,2.5
1991-09-09T00:00:00,0.0078000844716993424,2.5
1991-09-10T00:00:00,0.0028000844716993423,2.5
1991-09-11T00:00:00,0.0030000847578016384,2.5
1991-09-12T00:00:00,0.0,2.5
1991-09-13T00:00:00,0.0,2.5
1991-09-14T00:00:00,0.0,2.5
1991-09-15T00:00:00,0.0,2.5
1991-09-16T00:00:00,0.0,2.5
1991-09-17T00:00:00,0.0,2.5
1991-09-18T00:00:00,0.0,2.5
1991-09-19T00:00:00,0.0,2.5
1991-09-20T00:00:00,0.0,2.5
1991-09-21T00:00:00,0.0,2.5
1991-09-22T00:00:00,0.0,2.5
1991-09-23T00:00:00,0.0,2.5
1991-09-24T00:00:00,0.0,2.5
1991-09-25T00:00:00,0.03360000228881836,2.5
1991-09-26T00:00:00,0.040200002670288094,2.5
1991-09-27T00:00:00,0.039000002622604384,2.5
1991-09-28T00:00:00,0.05460000300407412,2.5
1991-09-29T00:00:00,0.05160000300407412,2.5
1991-09-30T00:00:00,0.05000000309944155,2.5
1991-10-01T00:00:00,0.04880000305175784,2.5
1991-10-02T00:00:00,0.043800003051757845,2.5
1991-10-03T00:00:00,0.03880000305175785,2.5
1991-10-04T00:00:00,0.03380000305175785,2.5
1991-10-05T00:00:00,0.05860000419616703,2.5
1991-10-06T00:00:00,0.0592000041007996,2.5
1991-10-07T00:00:00,0.0542000041007996,2.5
1991-10-08T00:00:00,0.0492000041007996,2.5
1991-10-09T00:00:00,0.044200004100799606,2.5
1991-10-10T00:00:00,0.03920000410079961,2.5
1991-10-11T00:00:00,0.03420000410079961,2.5
1991-10-12T00:00:00,0.04100000429153448,2.5
1991-10-13T00:00:00,0.03600000429153448,2.5
1991-10-14T00:00:00,0.031000004291534478,2.5
1991-10-15T00:00:00,0.026000004291534477,2.5
1991-10-16T00:00:00,0.03320000410079962,2.5
1991-10-17T00:00:00,0.037400003910064754,2.5
1991-10-18T00:00:00,0.05060000467300421,2.5
1991-10-19T00:00:00,0.0484000046253205,2.5
1991-10-20T00:00:00,0.049800004720687935,2.5
1991-10-21T00:00:00,0.04480000472068794,2.5
1991-10-22T00:00:00,0.03980000472068794,2.5
1991-10-23T00:00:00,0.03480000472068794,2.5
1991-10-24T00:00:00,0.02980000472068794,2.5
1991-10-25T00:00:00,0.02480000472068794,2.5
1991-10-26T00:00:00,0.01980000472068794,2.5
1991-10-27T00:00:00,0.014800004720687938,2.5
1991-10-28T00:00:00,0.009800004720687937,2.5
1991-10-29T00:00:00,0.004800004720687937,2.5
1991-10-30T00:00:00,0.005800004720687938,2.5
1991-10-31T00:00:00,0.0008000047206879381,2.5
1991-11-01T00:00:00,0.016000005483627396,2.5
1991-11-02T00:00:00,0.011400005489587861,2.5
1991-11-03T00:00:00,0.018200005680322724,2.5
1991-11-04T00:00:00,0.032200005680322726,2.5
1991-11-05T00:00:00,0.033200005680322726,2.5
1991-11-06T00:00:00,0.031800005823373875,2.5
1991-11-07T00:00:00,0.04320000544190415,2.5
1991-11-08T00:00:00,0.050800005823373885,2.5
1991-11-09T00:00:00,0.04760000589489946,2.5
1991-11-10T00:00:00,0.04260000589489946,2.5
1991-11-11T00:00:00,0.06800000551342973,2.5
1991-11-12T00:00:00,0.09860000780224809,2.5
1991-11-13T00:00:00,0.09960000780224809,2.5
1991-11-14T00:00:00,0.10900000837445267,2.5
1991-11-15T00:00:00,0.10760000851750381,2.5
1991-11-16T00:00:00,0.10260000851750381,2.5
1991-11-17T00:00:00,0.10000000861287124,2.5
1991-11-18T00:00:00,0.11400000861287124,2.5
1991-11-19T00:00:00,0.11640000870823866,2.5
1991-11-20T00:00:00,0.11140000870823866,2.5
1991-11-21T00:00:00,0.10640000870823865,2.5
1991-11-22T00:00:00,0.10140000870823865,2.5
1991-11-23T00:00:00,0.09640000870823864,2.5
1991-11-24T00:00:00,0.09140000870823864,2.5
1991-11-25T00:00:00,0.08640000870823863,2.5
1991-11-26T00:00:00,0.08140000870823863,2.5
1991-11-27T00:00:00,0.07640000870823863,2.5
1991-11-28T00:00:00,0.07140000870823862,2.5
1991-11-29T00:00:00,0.06640000870823862,2.5
1991-11-30T00:00:00,0.06140000870823862,2.5
1991-12-01T00:00:00,0.05640000870823862,2.5
1991-12-02T00:00:00,0.051400008708238624,2.5
1991-12-03T00:00:00,0.04640000870823863,2.5
1991-12-04T00:00:00,0.04140000870823863,2.5
1991-12-05T00:00:00,0.03640000870823863,2.5
1991-12-06T00:00:00,0.031400008708238634,2.5
1991-12-07T00:00:00,0.026400008708238634,2.5
1991-12-08T00:00:00,0.021400008708238633,2.5
1991-12-09T00:00:00,0.01640000870823863,2.5
1991-12-10T00:00:00,0.01140000870823863,2.5
1991-12-11T00:00:00,0.0064000087082386305,2.5
1991-12-12T00:00:00,0.0014000087082386304,2.5
1991-12-13T00:00:00,0.0,2.5
1991-12-14T00:00:00,0.0,2.5
1991-12-15T00:00:00,0.0,2.5
1991-12-16T00:00:00,0.01780000114440918,2.5
1991-12-17T00:00:00,0.04680000114440918,2.5
1991-12-18T00:00:00,0.05240000152587891,2.5
1991-12-19T00:00:00,0.07500000190734864,2.5
1991-12-20T00:00:00,0.08320000171661376,2.5
1991-12-21T00:00:00,0.12520000171661377,2.5
1991-12-22T00:00:00,0.1294000015258789,2.5
1991-12-23T00:00:00,0.12700000166893005,2.5
1991-12-24T00:00:00,0.12200000166893005,2.5
1991-12-25T00:00:00,0.11700000166893004,2.5
1991-12-26T00:00:00,0.11500000166893004,2.5
1991-12-27T00:00:00,0.11000000166893004,2.5
1991-12-28T00:00:00,0.10500000166893003,2.5
1991-12-29T00:00:00,0.10000000166893003,2.5
1991-12-30T00:00:00,0.09500000166893002,2.5
1991-12-31T00:00:00,0.09000000166893002,2.5
1992-01-01T00:00:00,0.08500000166893001,2.5
1992-01-02T00:00:00,0.08000000166893001,2.5
1992-01-03T00:00:00,0.07500000166893,2.5
1992-01-04T00:00:00,0.07800000166893001,2.5
1992-01-05T00:00:00,0.07420000171661371,2.5
1992-01-06T00:00:00,0.06920000171661371,2.5
1992-01-07T00:00:00,0.0642000017166137,2.5
1992-01-08T00:00:00,0.06340000200271599,2.5
1992-01-09T00:00:00,0.06460000228881828,2.5
1992-01-10T00:00:00,0.06540000247955313,2.5
1992-01-11T00:00:00,0.060400002479553135,2.5
1992-01-12T00:00:00,0.05540000247955314,2.5
1992-01-13T00:00:00,0.05040000247955314,2.5
1992-01-14T00:00:00,0.04540000247955314,2.5
1992-01-15T00:00:00,0.040400002479553145,2.5
1992-01-16T00:00:00,0.03540000247955315,2.5
1992-01-17T00:00:00,0.030400002479553146,2.5
1992-01-18T00:00:00,0.025400002479553145,2.5
1992-01-19T00:00:00,0.027800002574920577,2.5
1992-01-20T00:00:00,0.022800002574920576,2.5
1992-01-21T00:00:00,0.017800002574920575,2.5
1992-01-22T00:00:00,0.012800002574920574,2.5
1992-01-23T00:00:00,0.007800002574920574,2.5
1992-01-24T00:00:00,0.002800002574920574,2.5
1992-01-25T00:00:00,0.0,2.5
1992-01-26T00:00:00,0.0,2.5
1992-01-27T00:00:00,0.0,2.5
1992-01-28T00:00:00,0.0,2.5
1992-01-29T00:00:00,0.0,2.5
1992-01-30T00:00:00,0.0,2.5
1992-01-31T00:00:00,0.0,2.5
1992-02-01T00:00:00,0.0,2.5
1992-02-02T00:00:00,0.0,2.5
1992-02-03T00:00:00,0.0034000005722045904,2.5
1992-02-04T00:00:00,0.015800000190734863,2.5
1992-02-05T00:00:00,0.013400000333786011,2.5
1992-02-06T00:00:00,0.00840000033378601,2.5
1992-02-07T00:00:00,0.0034000003337860104,2.5
1992-02-08T00:00:00,0.0,2.5
1992-02-09T00:00:00,0.009199999809265138,2.5
1992-02-10T00:00:00,0.010599999904632569,2.5
1992-02-11T00:00:00,0.03640000104904175,2.5
1992-02-12T00:00:00,0.04860000181198121,2.5
1992-02-13T00:00:00,0.05000000190734864,2.5
1992-02-14T00:00:00,0.06020000171661378,2.5
1992-02-15T00:00:00,0.060800001621246345,2.5
1992-02-16T00:00:00,0.07000000143051148,2.5
1992-02-17T00:00:00,0.06500000143051148,2.5
1992-02-18T00:00:00,0.06000000143051148,2.5
1992-02-19T00:00:00,0.05500000143051148,2.5
1992-02-20T00:00:00,0.05000000143051148,2.5
1992-02-21T00:00:00,0.045000001430511485,2.5
1992-02-22T00:00:00,0.04000000143051149,2.5
1992-02-23T00:00:00,0.03500000143051149,2.5
1992-02-24T00:00:00,0.03000000143051149,2.5
1992-02-25T00:00:00,0.02500000143051149,2.5
1992-02-26T00:00:00,0.020000001430511487,2.5
1992-02-27T00:00:00,0.015000001430511486,2.5
1992-02-28T00:00:00,0.010000001430511486,2.5
1992-02-29T00:00:00,0.005000001430511485,2.5
1992-03-01T00:00:00,0.00620000171661378,2.5
1992-03-02T00:00:00,0.0012000017166137796,2.5
1992-03-03T00:00:00,0.0,2.5
1992-03-04T00:00:00,0.0,2.5
1992-03-05T00:00:00,0.0,2.5
1992-03-06T00:00:00,0.0,2.5
1992-03-07T00:00:00,0.0,2.5
1992-03-08T00:00:00,0.0,2.5
1992-03-09T00:00:00,0.0,2.5
1992-03-10T00:00:00,0.0,2.5
1992-03-11T00:00:00,0.0,2.5
1992-03-12T00:00:00,0.036600002288818365,2.5
1992-03-13T00:00:00,0.05800000190734864,2.5
1992-03-14T00:00:00,0.05980000209808351,2.5
1992-03-15T00:00:00,0.0682000026702881,2.5
1992-03-16T00:00:00,0.0632000026702881,2.5
1992-03-17T00:00:00,0.0582000026702881,2.5
1992-03-18T00:00:00,0.0532000026702881,2.5
1992-03-19T00:00:00,0.0482000026702881,2.5
1992-03-20T00:00:00,0.043200002670288104,2.5
1992-03-21T00:00:00,0.05780000305175783,2.5
1992-03-22T00:00:00,0.076600004196167,2.5
1992-03-23T00:00:00,0.08880000495910645,2.5
1992-03-24T00:00:00,0.09020000505447387,2.5
1992-03-25T00:00:00,0.09080000495910644,2.5
1992-03-26T00:00:00,0.09700000476837156,2.5
1992-03-27T00:00:00,0.09440000486373899,2.5
1992-03-28T00:00:00,0.0916000049114227,2.5
1992-03-29T00:00:00,0.09100000500679013,2.5
1992-03-30T00:00:00,0.08980000495910641,2.5
1992-03-31T00:00:00,0.08980000495910641,2.5
1992-04-01T00:00:00,0.08820000505447384,2.5
1992-04-02T00:00:00,0.10200000619888301,2.5
1992-04-03T00:00:00,0.09700000619888301,2.5
1992-04-04T00:00:00,0.092000006198883,2.5
1992-04-05T00:00:00,0.087000006198883,2.5
1992-04-06T00:00:00,0.082000006198883,2.5
1992-04-07T00:00:00,0.07700000619888299,2.5
1992-04-08T00:00:00,0.07200000619888298,2.5
1992-04-09T00:00:00,0.06700000619888298,2.5
1992-04-10T00:00:00,0.06200000619888298,2.5
1992-04-11T00:00:00,0.057000006198882985,2.5
1992-04-12T00:00:00,0.05340000617504113,2.5
1992-04-13T00:00:00,0.05160000622272485,2.5
1992-04-14T00:00:00,0.05620000660419458,2.5
1992-04-15T00:00:00,0.06720000660419458,2.5
1992-04-16T00:00:00,0.06260000661015504,2.5
1992-04-17T00:00:00,0.06960000661015503,2.5
1992-04-18T00:00:00,0.06600000658631316,2.5
1992-04-19T00:00:00,0.0618000065982341,2.5
1992-04-20T00:00:00,0.0568000065982341,2.5
1992-04-21T00:00:00,0.051800006598234104,2.5
1992-04-22T00:00:00,0.049000006645917825,2.5
1992-04-23T00:00:00,0.04400000664591783,2.5
1992-04-24T00:00:00,0.03900000664591783,2.5
1992-04-25T00:00:00,0.03400000664591783,2.5
1992-04-26T00:00:00,0.03400000664591783,2.5
1992-04-27T00:00:00,0.030000006645917832,2.5
1992-04-28T00:00:00,0.036200006455182974,2.5
1992-04-29T00:00:00,0.03400000640749926,2.5
1992-04-30T00:00:00,0.029000006407499262,2.5
1992-05-01T00:00:00,0.04020000717043872,2.5
1992-05-02T00:00:00,0.035200007170438724,2.5
1992-05-03T00:00:00,0.030200007170438723,2.5
1992-05-04T00:00:00,0.025200007170438722,2.5
1992-05-05T00:00:00,0.02020000717043872,2.5
1992-05-06T00:00:00,0.01520000717043872,2.5
1992-05-07T00:00:00,0.01020000717043872,2.5
1992-05-08T00:00:00,0.005200007170438719,2.5
1992-05-09T00:00:00,0.009400006979703855,2.5
1992-05-10T00:00:00,0.02980000659823413,2.5
1992-05-11T00:00:00,0.03680000659823413,2.5
1992-05-12T00:00:00,0.031800006598234135,2.5
1992-05-13T00:00:00,0.026800006598234134,2.5
1992-05-14T00:00:00,0.021800006598234133,2.5
1992-05-15T00:00:00,0.01680000659823413,2.5
1992-05-16T00:00:00,0.01180000659823413,2.5
1992-05-17T00:00:00,0.006800006598234131,2.5
1992-05-18T00:00:00,0.0018000065982341305,2.5
1992-05-19T00:00:00,0.0,2.5
1992-05-20T00:00:00,0.0,2.5
1992-05-21T00:00:00,0.0,2.5
1992-05-22T00:00:00,0.0,2.5
1992-05-23T00:00:00,0.0,2.5
1992-05-24T00:00:00,0.0,2.5
1992-05-25T00:00:00,0.004199999809265136,2.5
1992-05-26T00:00:00,0.02540000057220459,2.5
1992-05-27T00:00:00,0.02040000057220459,2.5
1992-05-28T00:00:00,0.01540000057220459,2.5
1992-05-29T00:00:00,0.02440000057220459,2.5
1992-05-30T00:00:00,0.028400000572204587,2.5
1992-05-31T00:00:00,0.02620000052452087,2.5
1992-06-01T00:00:00,0.039600000143051144,2.5
1992-06-02T00:00:00,0.050600000143051146,2.5
1992-06-03T00:00:00,0.05740000033378601,2.5
1992-06-04T00:00:00,0.05880000042915345,2.5
1992-06-05T00:00:00,0.06340000081062316,2.5
1992-06-06T00:00:00,0.062200000762939446,2.5
1992-06-07T00:00:00,0.05720000076293945,2.5
1992-06-08T00:00:00,0.07220000076293945,2.5
1992-06-09T00:00:00,0.07240000104904173,2.5
1992-06-10T00:00:00,0.07480000114440916,2.5
1992-06-11T00:00:00,0.06980000114440915,2.5
1992-06-12T00:00:00,0.07140000104904172,2.5
1992-06-13T00:00:00,0.06640000104904172,2.5
1992-06-14T00:00:00,0.06140000104904172,2.5
1992-06-15T00:00:00,0.05640000104904172,2.5
1992-06-16T00:00:00,0.05140000104904172,2.5
1992-06-17T00:00:00,0.046400001049041725,2.5
1992-06-18T00:00:00,0.04140000104904173,2.5
1992-06-19T00:00:00,0.03640000104904173,2.5
1992-06-20T00:00:00,0.06360000181198118,2.5
1992-06-21T00:00:00,0.06140000176429746,2.5
1992-06-22T00:00:00,0.056400001764297464,2.5
1992-06-23T00:00:00,0.07720000290870664,2.5
1992-06-24T00:00:00,0.09660000252723691,2.5
1992-06-25T00:00:00,0.1066000025272369,2.5
1992-06-26T00:00:00,0.1016000025272369,2.5
1992-06-27T00:00:00,0.0966000025272369,2.5
1992-06-28T00:00:00,0.09160000252723689,2.5
1992-06-29T00:00:00,0.08660000252723689,2.5
1992-06-30T00:00:00,0.08160000252723688,2.5
1992-07-01T00:00:00,0.07760000252723688,2.5
1992-07-02T00:00:00,0.07260000252723688,2.5
1992-07-03T00:00:00,0.08100000309944146,2.5
1992-07-04T00:00:00,0.08580000329017631,2.5
1992-07-05T00:00:00,0.09740000367164603,2.5
1992-07-06T00:00:00,0.10060000348091117,2.5
1992-07-07T00:00:00,0.09560000348091116,2.5
1992-07-08T00:00:00,0.09060000348091116,2.5
1992-07-09T00:00:00,0.08560000348091115,2.5
1992-07-10T00:00:00,0.09640000367164601,2.5
1992-07-11T00:00:00,0.11680000329017629,2.5
1992-07-12T00:00:00,0.11780000329017629,2.5
1992-07-13T00:00:00,0.11280000329017628,2.5
1992-07-14T00:00:00,0.10780000329017628,2.5
1992-07-15T00:00:00,0.10280000329017627,2.5
1992-07-16T00:00:00,0.1022000033855437,2.5
1992-07-17T00:00:00,0.09860000336170184,2.5
1992-07-18T00:00:00,0.09360000336170184,2.5
1992-07-19T00:00:00,0.08860000336170183,2.5
1992-07-20T00:00:00,0.08360000336170183,2.5
1992-07-21T00:00:00,0.09100000393390642,2.5
1992-07-22T00:00:00,0.08600000393390642,2.5
1992-07-23T00:00:00,0.08100000393390641,2.5
1992-07-24T00:00:00,0.0802000042200087,2.5
1992-07-25T00:00:00,0.07520000422000869,2.5
1992-07-26T00:00:00,0.07020000422000869,2.5
1992-07-27T00:00:00,0.06520000422000868,2.5
1992-07-28T00:00:00,0.060200004220008686,2.5
1992-07-29T00:00:00,0.05520000422000869,2.5
1992-07-30T00:00:00,0.052000004291534264,2.5
1992-07-31T00:00:00,0.04700000429153427,2.5
1992-08-01T00:00:00,0.04720000457763657,2.5
1992-08-02T00:00:00,0.04220000457763657,2.5
1992-08-03T00:00:00,0.03720000457763657,2.5
1992-08-04T00:00:00,0.032200004577636575,2.5
1992-08-05T00:00:00,0.027200004577636574,2.5
1992-08-06T00:00:00,0.022200004577636573,2.5
1992-08-07T00:00:00,0.017200004577636572,2.5
1992-08-08T00:00:00,0.012200004577636571,2.5
1992-08-09T00:00:00,0.04040000534057603,2.5
1992-08-10T00:00:00,0.038600005388259744,2.5
1992-08-11T00:00:00,0.051200005769729474,2.5
1992-08-12T00:00:00,0.060400005578994616,2.5
1992-08-13T00:00:00,0.09020000481605517,2.5
1992-08-14T00:00:00,0.09520000481605516,2.5
1992-08-15T00:00:00,0.09020000481605515,2.5
1992-08-16T00:00:00,0.08520000481605515,2.5
1992-08-17T00:00:00,0.08200000488758072,2.5
1992-08-18T00:00:00,0.07700000488758071,2.5
1992-08-19T00:00:00,0.07880000507831557,2.5
1992-08-20T00:00:00,0.08380000507831556,2.5
1992-08-21T00:00:00,0.07880000507831555,2.5
1992-08-22T00:00:00,0.08380000507831555,2.5
1992-08-23T00:00:00,0.0804000051021574,2.5
1992-08-24T00:00:00,0.07760000514984111,2.5
1992-08-25T00:00:00,0.07260000514984111,2.5
1992-08-26T00:00:00,0.0676000051498411,2.5
1992-08-27T00:00:00,0.0626000051498411,2.5
1992-08-28T00:00:00,0.07380000591278055,2.5
1992-08-29T00:00:00,0.07680000591278055,2.5
1992-08-30T00:00:00,0.08520000648498513,2.5
1992-08-31T00:00:00,0.11160000610351539,2.5
1992-09-01T00:00:00,0.11940000629425025,2.5
1992-09-02T00:00:00,0.14420000743865943,2.5
1992-09-03T00:00:00,0.14380000734329199,2.5
1992-09-04T00:00:00,0.14440000724792454,2.5
1992-09-05T00:00:00,0.13940000724792453,2.5
1992-09-06T00:00:00,0.13440000724792453,2.5
1992-09-07T00:00:00,0.13060000729560825,2.5
1992-09-08T00:00:00,0.12560000729560825,2.5
1992-09-09T00:00:00,0.12060000729560824,2.5
1992-09-10T00:00:00,0.11560000729560824,2.5
1992-09-11T00:00:00,0.11580000758171052,2.5
1992-09-12T00:00:00,0.11080000758171052,2.5
1992-09-13T00:00:00,0.11020000767707795,2.5
1992-09-14T00:00:00,0.11420000767707794,2.5
1992-09-15T00:00:00,0.10920000767707794,2.5
1992-09-16T00:00:00,0.10420000767707793,2.5
1992-09-17T00:00:00,0.09920000767707793,2.5
1992-09-18T00:00:00,0.09420000767707792,2.5
1992-09-19T00:00:00,0.08920000767707792,2.5
1992-09-20T00:00:00,0.08420000767707791,2.5
1992-09-21T00:00:00,0.07920000767707791,2.5
1992-09-22T00:00:00,0.07720000767707791,2.5
1992-09-23T00:00:00,0.07280000770091977,2.5
1992-09-24T00:00:00,0.06780000770091976,2.5
1992-09-25T00:00:00,0.06280000770091976,2.5
1992-09-26T00:00:00,0.05780000770091976,2.5
1992-09-27T00:00:00,0.05280000770091976,2.5
1992-09-28T00:00:00,0.04940000772476162,2.5
1992-09-29T00:00:00,0.044400007724761624,2.5
1992-09-30T00:00:00,0.041600007772445345,2.5
1992-10-01T00:00:00,0.03660000777244535,2.5
1992-10-02T00:00:00,0.03160000777244535,2.5
1992-10-03T00:00:00,0.02660000777244535,2.5
1992-10-04T00:00:00,0.021600007772445348,2.5
1992-10-05T00:00:00,0.022600007772445346,2.5
1992-10-06T00:00:00,0.030600007772445346,2.5
1992-10-07T00:00:00,0.025600007772445345,2.5
1992-10-08T00:00:00,0.020600007772445344,2.5
1992-10-09T00:00:00,0.015600007772445343,2.5
1992-10-10T00:00:00,0.010600007772445342,2.5
1992-10-11T00:00:00,0.005600007772445342,2.5
1992-10-12T00:00:00,0.0006000077724453417,2.5
1992-10-13T00:00:00,0.0,2.5
1992-10-14T00:00:00,0.003,2.5
1992-10-15T00:00:00,0.005999999999999999,2.5
1992-10-16T00:00:00,0.0009999999999999992,2.5
1992-10-17T00:00:00,0.0,2.5
1992-10-18T00:00:00,0.0,2.5
1992-10-19T00:00:00,0.0,2.5
1992-10-20T00:00:00,0.015,2.5
1992-10-21T00:00:00,0.01540000009536743,2.5
1992-10-22T00:00:00,0.014400000095367429,2.5
1992-10-23T00:00:00,0.023000000476837156,2.5
1992-10-24T00:00:00,0.05879999971389772,2.5
1992-10-25T00:00:00,0.08540000009536744,2.5
1992-10-26T00:00:00,0.08260000014305115,2.5
1992-10-27T00:00:00,0.1148000009059906,2.5
1992-10-28T00:00:00,0.11500000119209289,2.5
1992-10-29T00:00:00,0.11960000157356261,2.5
1992-10-30T00:00:00,0.11460000157356261,2.5
1992-10-31T00:00:00,0.1096000015735626,2.5
1992-11-01T00:00:00,0.1046000015735626,2.5
1992-11-02T00:00:00,0.11900000119209286,2.5
1992-11-03T00:00:00,0.1174000012874603,2.5
1992-11-04T00:00:00,0.11240000128746029,2.5
1992-11-05T00:00:00,0.10740000128746029,2.5
1992-11-06T00:00:00,0.10240000128746028,2.5
1992-11-07T00:00:00,0.10120000123977656,2.5
1992-11-08T00:00:00,0.09620000123977655,2.5
1992-11-09T00:00:00,0.10460000181198113,2.5
1992-11-10T00:00:00,0.1190000014305114,2.5
1992-11-11T00:00:00,0.14060000181198112,2.5
1992-11-12T00:00:00,0.14380000162124626,2.5
1992-11-13T00:00:00,0.13880000162124626,2.5
1992-11-14T00:00:00,0.14440000200271597,2.5
1992-11-15T00:00:00,0.15640000200271598,2.5
1992-11-16T00:00:00,0.17280000162124626,2.5
1992-11-17T00:00:00,0.16960000169277184,2.5
1992-11-18T00:00:00,0.18520000207424156,2.5
1992-11-19T00:00:00,0.18700000226497643,2.5
1992-11-20T00:00:00,0.18200000226497642,2.5
1992-11-21T00:00:00,0.20660000264644615,2.5
1992-11-22T00:00:00,0.2052000027894973,2.5
1992-11-23T00:00:00,0.2002000027894973,2.5
1992-11-24T00:00:00,0.21000000298023214,2.5
1992-11-25T00:00:00,0.21960000336170185,2.5
1992-11-26T00:00:00,0.21780000340938557,2.5
1992-11-27T00:00:00,0.22680000340938558,2.5
1992-11-28T00:00:00,0.24920000302791584,2.5
1992-11-29T00:00:00,0.2580000032186507,2.5
1992-11-30T00:00:00,0.25860000312328324,2.5
1992-12-01T00:00:00,0.25360000312328324,2.5
1992-12-02T00:00:00,0.2898000038862227,2.5
1992-12-03T00:00:00,0.2954000042676924,2.5
1992-12-04T00:00:00,0.323200003504753,2.5
1992-12-05T00:00:00,0.31820000350475297,2.5
1992-12-06T00:00:00,0.3258000038862227,2.5
1992-12-07T00:00:00,0.3278000038862227,2.5
1992-12-08T00:00:00,0.3228000038862227,2.5
1992-12-09T00:00:00,0.3178000038862227,2.5
1992-12-10T00:00:00,0.3128000038862227,2.5
1992-12-11T00:00:00,0.329200003504753,2.5
1992-12-12T00:00:00,0.3256000034809111,2.5
1992-12-13T00:00:00,0.3206000034809111,2.5
1992-12-14T00:00:00,0.3156000034809111,2.5
1992-12-15T00:00:00,0.3106000034809111,2.5
1992-12-16T00:00:00,0.3066000034809111,2.5
1992-12-17T00:00:00,0.3016000034809111,2.5
1992-12-18T00:00:00,0.2966000034809111,2.5
1992-12-19T00:00:00,0.2934000035524367,2.5
1992-12-20T00:00:00,0.29120000350475295,2.5
1992-12-21T00:00:00,0.29040000379085523,2.5
1992-12-22T00:00:00,0.29020000398159007,2.5
1992-12-23T00:00:00,0.28520000398159007,2.5
1992-12-24T00:00:00,0.28020000398159006,2.5
1992-12-25T00:00:00,0.27520000398159006,2.5
1992-12-26T00:00:00,0.27020000398159005,2.5
1992-12-27T00:00:00,0.26520000398159005,2.5
1992-12-28T00:00:00,0.26020000398159004,2.5
1992-12-29T00:00:00,0.25520000398159004,2.5
1992-12-30T00:00:00,0.25020000398159004,2.5
1992-12-31T00:00:00,0.24520000398159003,2.5
1993-01-01T00:00:00,0.24020000398159003,2.5
1993-01-02T00:00:00,0.23520000398159002,2.5
1993-01-03T00:00:00,0.23020000398159002,2.5
1993-01-04T00:00:00,0.22520000398159,2.5
1993-01-05T00:00:00,0.22260000407695743,2.5
1993-01-06T00:00:00,0.23960000407695742,2.5
1993-01-07T00:00:00,0.2444000042676923,2.5
1993-01-08T00:00:00,0.2428000043630597,2.5
1993-01-09T00:00:00,0.24740000474452944,2.5
1993-01-10T00:00:00,0.2830000070333478,2.5
1993-01-11T00:00:00,0.35680001008510565,2.5
1993-01-12T00:00:00,0.36700000989437076,2.5
1993-01-13T00:00:00,0.3762000097036359,2.5
1993-01-14T00:00:00,0.37120000970363587,2.5
1993-01-15T00:00:00,0.36620000970363586,2.5
1993-01-16T00:00:00,0.36120000970363586,2.5
1993-01-17T00:00:00,0.3670000098943707,2.5
1993-01-18T00:00:00,0.3646000100374219,2.5
1993-01-19T00:00:00,0.3618000100851056,2.5
1993-01-20T00:00:00,0.3568000100851056,2.5
1993-01-21T00:00:00,0.35660001027584043,2.5
1993-01-22T00:00:00,0.3554000102281567,2.5
1993-01-23T00:00:00,0.35180001020431484,2.5
1993-01-24T00:00:00,0.35880001020431485,2.5
1993-01-25T00:00:00,0.35380001020431484,2.5
1993-01-26T00:00:00,0.36080001020431485,2.5
1993-01-27T00:00:00,0.36080001020431485,2.5
1993-01-28T00:00:00,0.35980001020431485,2.5
1993-01-29T00:00:00,0.3606000103950497,2.5
1993-01-30T00:00:00,0.3556000103950497,2.5
1993-01-31T00:00:00,0.3506000103950497,2.5
1993-02-01T00:00:00,0.3456000103950497,2.5
1993-02-02T00:00:00,0.34060001039504967,2.5
1993-02-03T00:00:00,0.33560001039504966,2.5
1993-02-04T00:00:00,0.33060001039504966,2.5
1993-02-05T00:00:00,0.32560001039504965,2.5
1993-02-06T00:00:00,0.32160001039504965,2.5
1993-02-07T00:00:00,0.31660001039504965,2.5
1993-02-08T00:00:00,0.31160001039504964,2.5
1993-02-09T00:00:00,0.30660001039504964,2.5
1993-02-10T00:00:00,0.30160001039504963,2.5
1993-02-11T00:00:00,0.29660001039504963,2.5
1993-02-12T00:00:00,0.2916000103950496,2.5
1993-02-13T00:00:00,0.2866000103950496,2.5
1993-02-14T00:00:00,0.2816000103950496,2.5
1993-02-15T00:00:00,0.2766000103950496,2.5
1993-02-16T00:00:00,0.2746000103950496,2.5
1993-02-17T00:00:00,0.27080001044273333,2.5
1993-02-18T00:00:00,0.26720001041889146,2.5
1993-02-19T00:00:00,0.26480001056194263,2.5
1993-02-20T00:00:00,0.26840001094341237,2.5
1993-02-21T00:00:00,0.26840001094341237,2.5
1993-02-22T00:00:00,0.26540001094341237,2.5
1993-02-23T00:00:00,0.26040001094341236,2.5
1993-02-24T00:00:00,0.25540001094341236,2.5
1993-02-25T00:00:00,0.2528000110387798,2.5
1993-02-26T00:00:00,0.2550000113248821,2.5
1993-02-27T00:00:00,0.25460001122951464,2.5
1993-02-28T00:00:00,0.24960001122951464,2.5
1993-03-01T00:00:00,0.24460001122951464,2.5
1993-03-02T00:00:00,0.23960001122951463,2.5
1993-03-03T00:00:00,0.23460001122951463,2.5
1993-03-04T00:00:00,0.22960001122951462,2.5
1993-03-05T00:00:00,0.22560001122951462,2.5
1993-03-06T00:00:00,0.22060001122951461,2.5
1993-03-07T00:00:00,0.2156000112295146,2.5
1993-03-08T00:00:00,0.2106000112295146,2.5
1993-03-09T00:00:00,0.2056000112295146,2.5
1993-03-10T00:00:00,0.2006000112295146,2.5
1993-03-11T00:00:00,0.1956000112295146,2.5
1993-03-12T00:00:00,0.1906000112295146,2.5
1993-03-13T00:00:00,0.18560001122951458,2.5
1993-03-14T00:00:00,0.18060001122951458,2.5
1993-03-15T00:00:00,0.17560001122951457,2.5
1993-03-16T00:00:00,0.17060001122951457,2.5
1993-03-17T00:00:00,0.1664000112414355,2.5
1993-03-18T00:00:00,0.1614000112414355,2.5
1993-03-19T00:00:00,0.1564000112414355,2.5
1993-03-20T00:00:00,0.15140001124143548,2.5
1993-03-21T00:00:00,0.15040001124143548,2.5
1993-03-22T00:00:00,0.1580000116229052,2.5
1993-03-23T00:00:00,0.1530000116229052,2.5
1993-03-24T00:00:00,0.1480000116229052,2.5
1993-03-25T00:00:00,0.14300001162290518,2.5
1993-03-26T00:00:00,0.13800001162290518,2.5
1993-03-27T00:00:00,0.13300001162290517,2.5
1993-03-28T00:00:00,0.12800001162290517,2.5
1993-03-29T00:00:00,0.12300001162290516,2.5
1993-03-30T00:00:00,0.11800001162290516,2.5
1993-03-31T00:00:00,0.11300001162290516,2.5
1993-04-01T00:00:00,0.11520001190900744,2.5
1993-04-02T00:00:00,0.11020001190900744,2.5
1993-04-03T00:00:00,0.10520001190900743,2.5
1993-04-04T00:00:00,0.11660001152753771,2.5
1993-04-05T00:00:00,0.1326000115275377,2.5
1993-04-06T00:00:00,0.13140001147985397,2.5
1993-04-07T00:00:00,0.1278000114560121,2.5
1993-04-08T00:00:00,0.1228000114560121,2.5
1993-04-09T00:00:00,0.12060001140832838,2.5
1993-04-10T00:00:00,0.12060001140832838,2.5
1993-04-11T00:00:00,0.12240001159906325,2.5
1993-04-12T00:00:00,0.12340001159906325,2.5
1993-04-13T00:00:00,0.12380001169443067,2.5
1993-04-14T00:00:00,0.12340001159906322,2.5
1993-04-15T00:00:00,0.12500001150369577,2.5
1993-04-16T00:00:00,0.12000001150369577,2.5
1993-04-17T00:00:00,0.11820001155137948,2.5
1993-04-18T00:00:00,0.11320001155137947,2.5
1993-04-19T00:00:00,0.10820001155137947,2.5
1993-04-20T00:00:00,0.10320001155137946,2.5
1993-04-21T00:00:00,0.09820001155137946,2.5
1993-04-22T00:00:00,0.09780001145601203,2.5
1993-04-23T00:00:00,0.09280001145601202,2.5
1993-04-24T00:00:00,0.08780001145601202,2.5
1993-04-25T00:00:00,0.08280001145601201,2.5
1993-04-26T00:00:00,0.07780001145601201,2.5
1993-04-27T00:00:00,0.072800011456012,2.5
1993-04-28T00:00:00,0.067800011456012,2.5
1993-04-29T00:00:00,0.062800011456012,2.5
1993-04-30T00:00:00,0.07620001107454226,2.5
1993-05-01T00:00:00,0.07120001107454225,2.5
1993-05-02T00:00:00,0.06740001112222596,2.5
1993-05-03T00:00:00,0.062400011122225964,2.5
1993-05-04T00:00:00,0.057400011122225966,2.5
1993-05-05T00:00:00,0.05240001112222597,2.5
1993-05-06T00:00:00,0.0508000112175934,2.5
1993-05-07T00:00:00,0.0498000112175934,2.5
1993-05-08T00:00:00,0.05600001102685854,2.5
1993-05-09T00:00:00,0.05100001102685854,2.5
1993-05-10T00:00:00,0.046000011026858544,2.5
1993-05-11T00:00:00,0.052400011599063136,2.5
1993-05-12T00:00:00,0.05280001169443057,2.5
1993-05-13T00:00:00,0.06060001188516543,2.5
1993-05-14T00:00:00,0.05880001193284915,2.5
1993-05-15T00:00:00,0.05620001202821658,2.5
1993-05-16T00:00:00,0.051200012028216585,2.5
1993-05-17T00:00:00,0.04620001202821659,2.5
1993-05-18T00:00:00,0.04720001202821659,2.5
1993-05-19T00:00:00,0.05680001240968632,2.5
1993-05-20T00:00:00,0.058600012600421185,2.5
1993-05-21T00:00:00,0.05360001260042119,2.5
1993-05-22T00:00:00,0.04860001260042119,2.5
1993-05-23T00:00:00,0.04360001260042119,2.5
1993-05-24T00:00:00,0.038600012600421195,2.5
1993-05-25T00:00:00,0.0336000126004212,2.5
1993-05-26T00:00:00,0.04020001298189093,2.5
1993-05-27T00:00:00,0.04460001355409552,2.5
1993-05-28T00:00:00,0.04340001350641181,2.5
1993-05-29T00:00:00,0.03840001350641181,2.5
1993-05-30T00:00:00,0.03980001360177925,2.5
1993-05-31T00:00:00,0.03480001360177925,2.5
1993-06-01T00:00:00,0.029800013601779248,2.5
1993-06-02T00:00:00,0.04380001360177925,2.5
1993-06-03T00:00:00,0.03940001362562111,2.5
1993-06-04T00:00:00,0.03440001362562111,2.5
1993-06-05T00:00:00,0.02940001362562111,2.5
1993-06-06T00:00:00,0.02440001362562111,2.5
1993-06-07T00:00:00,0.019400013625621108,2.5
1993-06-08T00:00:00,0.014400013625621107,2.5
1993-06-09T00:00:00,0.009400013625621106,2.5
1993-06-10T00:00:00,0.007400013625621105,2.5
1993-06-11T00:00:00,0.00560001367330482,2.5
1993-06-12T00:00:00,0.009400013864039682,2.5
1993-06-13T00:00:00,0.006200013935565255,2.5
1993-06-14T00:00:00,0.013800014317034981,2.5
1993-06-15T00:00:00,0.00880001431703498,2.5
1993-06-16T00:00:00,0.010000014603137274,2.5
1993-06-17T00:00:00,0.005000014603137274,2.5
1993-06-18T00:00:00,1.4603137274069034e-08,2.5
1993-06-19T00:00:00,0.0,2.5
1993-06-20T00:00:00,0.016,2.5
1993-06-21T00:00:00,0.011,2.5
1993-06-22T00:00:00,0.005999999999999999,2.5
1993-06-23T00:00:00,0.0009999999999999992,2.5
1993-06-24T00:00:00,0.0,2.5
1993-06-25T00:00:00,0.0,2.5
1993-06-26T00:00:00,0.0,2.5
1993-06-27T00:00:00,0.0,2.5
1993-06-28T00:00:00,0.0,2.5
1993-06-29T00:00:00,0.0,2.5
1993-06-30T00:00:00,0.0,2.5
1993-07-01T00:00:00,0.0,2.5
1993-07-02T00:00:00,0.0,2.5
1993-07-03T00:00:00,0.0,2.5
1993-07-04T00:00:00,0.0,2.5
1993-07-05T00:00:00,0.001400000095367432,2.5
1993-07-06T00:00:00,0.0,2.5
1993-07-07T00:00:00,0.0,2.5
1993-07-08T00:00:00,0.0,2.5
1993-07-09T00:00:00,0.0,2.5
1993-07-10T00:00:00,0.0,2.5
1993-07-11T00:00:00,0.0,2.5
1993-07-12T00:00:00,0.002,2.5
1993-07-13T00:00:00,0.007199999809265137,2.5
1993-07-14T00:00:00,0.029400000572204595,2.5
1993-07-15T00:00:00,0.031000000476837163,2.5
1993-07-16T00:00:00,0.026000000476837162,2.5
1993-07-17T00:00:00,0.02100000047683716,2.5
1993-07-18T00:00:00,0.018800000429153443,2.5
1993-07-19T00:00:00,0.029600000619888305,2.5
1993-07-20T00:00:00,0.03960000061988831,2.5
1993-07-21T00:00:00,0.04660000061988832,2.5
1993-07-22T00:00:00,0.04160000061988832,2.5
1993-07-23T00:00:00,0.03660000061988832,2.5
1993-07-24T00:00:00,0.03820000052452089,2.5
1993-07-25T00:00:00,0.03900000071525576,2.5
1993-07-26T00:00:00,0.03840000081062319,2.5
1993-07-27T00:00:00,0.07640000081062319,2.5
1993-07-28T00:00:00,0.08300000119209291,2.5
1993-07-29T00:00:00,0.07800000119209291,2.5
1993-07-30T00:00:00,0.10560000348091127,2.5
1993-07-31T00:00:00,0.10060000348091126,2.5
1993-08-01T00:00:00,0.09560000348091126,2.5
1993-08-02T00:00:00,0.09060000348091125,2.5
1993-08-03T00:00:00,0.08560000348091125,2.5
1993-08-04T00:00:00,0.08060000348091124,2.5
1993-08-05T00:00:00,0.07560000348091124,2.5
1993-08-06T00:00:00,0.07060000348091124,2.5
1993-08-07T00:00:00,0.06560000348091123,2.5
1993-08-08T00:00:00,0.060600003480911234,2.5
1993-08-09T00:00:00,0.06860000348091123,2.5
1993-08-10T00:00:00,0.06360000348091123,2.5
1993-08-11T00:00:00,0.05860000348091123,2.5
1993-08-12T00:00:00,0.05540000355243681,2.5
1993-08-13T00:00:00,0.05040000355243681,2.5
1993-08-14T00:00:00,0.05600000393390654,2.5
1993-08-15T00:00:00,0.051000003933906544,2.5
1993-08-16T00:00:00,0.04600000393390655,2.5
1993-08-17T00:00:00,0.04100000393390655,2.5
1993-08-18T00:00:00,0.03600000393390655,2.5
1993-08-19T00:00:00,0.03100000393390655,2.5
1993-08-20T00:00:00,0.02600000393390655,2.5
1993-08-21T00:00:00,0.02100000393390655,2.5
1993-08-22T00:00:00,0.01740000391006469,2.5
1993-08-23T00:00:00,0.01240000391006469,2.5
1993-08-24T00:00:00,0.00740000391006469,2.5
1993-08-25T00:00:00,0.00240000391006469,2.5
1993-08-26T00:00:00,0.0,2.5
1993-08-27T00:00:00,0.0,2.5
1993-08-28T00:00:00,0.0,2.5
1993-08-29T00:00:00,0.0,2.5
1993-08-30T00:00:00,0.0,2.5
1993-08-31T00:00:00,0.0,2.5
1993-09-01T00:00:00,0.0,2.5
1993-09-02T00:00:00,0.0,2.5
1993-09-03T00:00:00,0.0,2.5
1993-09-04T00:00:00,0.0,2.5
1993-09-05T00:00:00,0.0,2.5
1993-09-06T00:00:00,0.0,2.5
1993-09-07T00:00:00,0.020600000381469728,2.5
1993-09-08T00:00:00,0.019600000381469727,2.5
1993-09-09T00:00:00,0.03200000000000001,2.5
1993-09-10T00:00:00,0.06740000152587891,2.5
1993-09-11T00:00:00,0.08520000267028809,2.5
1993-09-12T00:00:00,0.09620000267028808,2.5
1993-09-13T00:00:00,0.10760000228881836,2.5
1993-09-14T00:00:00,0.12940000343322752,2.5
1993-09-15T00:00:00,0.15840000343322752,2.5
1993-09-16T00:00:00,0.15380000343918798,2.5
1993-09-17T00:00:00,0.14880000343918798,2.5
1993-09-18T00:00:00,0.14380000343918797,2.5
1993-09-19T00:00:00,0.13880000343918797,2.5
1993-09-20T00:00:00,0.13380000343918796,2.5
1993-09-21T00:00:00,0.1374000038206577,2.5
1993-09-22T00:00:00,0.14220000401139257,2.5
1993-09-23T00:00:00,0.14320000401139257,2.5
1993-09-24T00:00:00,0.1688000043928623,2.5
1993-09-25T00:00:00,0.175400004774332,2.5
1993-09-26T00:00:00,0.170400004774332,2.5
1993-09-27T00:00:00,0.165400004774332,2.5
1993-09-28T00:00:00,0.160400004774332,2.5
1993-09-29T00:00:00,0.15620000478625293,2.5
1993-09-30T00:00:00,0.15320000478625292,2.5
1993-10-01T00:00:00,0.15820000478625293,2.5
1993-10-02T00:00:00,0.15320000478625292,2.5
1993-10-03T00:00:00,0.15380000469088548,2.5
1993-10-04T00:00:00,0.1774000050723552,2.5
1993-10-05T00:00:00,0.2144000050723552,2.5
1993-10-06T00:00:00,0.2166000053584575,2.5
1993-10-07T00:00:00,0.21240000537037843,2.5
1993-10-08T00:00:00,0.2116000056564807,2.5
1993-10-09T00:00:00,0.21320000556111326,2.5
1993-10-10T00:00:00,0.21280000546574582,2.5
1993-10-11T00:00:00,0.21580000546574582,2.5
1993-10-12T00:00:00,0.21440000560879696,2.5
1993-10-13T00:00:00,0.23180000522732724,2.5
1993-10-14T00:00:00,0.24900000599026667,2.5
1993-10-15T00:00:00,0.24780000594258295,2.5
1993-10-16T00:00:00,0.24360000595450387,2.5
1993-10-17T00:00:00,0.23860000595450387,2.5
1993-10-18T00:00:00,0.23360000595450386,2.5
1993-10-19T00:00:00,0.22860000595450386,2.5
1993-10-20T00:00:00,0.22660000595450386,2.5
1993-10-21T00:00:00,0.22740000614523873,2.5
1993-10-22T00:00:00,0.2228000061511992,2.5
1993-10-23T00:00:00,0.22560000634193406,2.5
1993-10-24T00:00:00,0.22060000634193405,2.5
1993-10-25T00:00:00,0.21560000634193405,2.5
1993-10-26T00:00:00,0.21060000634193404,2.5
1993-10-27T00:00:00,0.20560000634193404,2.5
1993-10-28T00:00:00,0.20060000634193403,2.5
1993-10-29T00:00:00,0.19560000634193403,2.5
1993-10-30T00:00:00,0.19060000634193403,2.5
1993-10-31T00:00:00,0.18560000634193402,2.5
1993-11-01T00:00:00,0.18060000634193402,2.5
1993-11-02T00:00:00,0.175600006341934,2.5
1993-11-03T00:00:00,0.170600006341934,2.5
1993-11-04T00:00:00,0.165600006341934,2.5
1993-11-05T00:00:00,0.160600006341934,2.5
1993-11-06T00:00:00,0.15720000636577586,2.5
1993-11-07T00:00:00,0.15600000631809213,2.5
1993-11-08T00:00:00,0.15100000631809213,2.5
1993-11-09T00:00:00,0.14600000631809212,2.5
1993-11-10T00:00:00,0.14960000669956186,2.5
1993-11-11T00:00:00,0.14760000669956186,2.5
1993-11-12T00:00:00,0.14260000669956185,2.5
1993-11-13T00:00:00,0.15060000669956186,2.5
1993-11-14T00:00:00,0.16680000746250132,2.5
1993-11-15T00:00:00,0.16260000747442224,2.5
1993-11-16T00:00:00,0.15760000747442224,2.5
1993-11-17T00:00:00,0.15260000747442223,2.5
1993-11-18T00:00:00,0.14760000747442223,2.5
1993-11-19T00:00:00,0.14260000747442222,2.5
1993-11-20T00:00:00,0.13760000747442222,2.5
1993-11-21T00:00:00,0.13260000747442222,2.5
1993-11-22T00:00:00,0.12820000749826407,2.5
1993-11-23T00:00:00,0.12320000749826407,2.5
1993-11-24T00:00:00,0.11820000749826406,2.5
1993-11-25T00:00:00,0.11320000749826406,2.5
1993-11-26T00:00:00,0.10820000749826406,2.5
1993-11-27T00:00:00,0.10320000749826405,2.5
1993-11-28T00:00:00,0.09820000749826405,2.5
1993-11-29T00:00:00,0.09320000749826404,2.5
1993-11-30T00:00:00,0.09540000778436633,2.5
1993-12-01T00:00:00,0.09200000780820819,2.5
1993-12-02T00:00:00,0.09120000809431048,2.5
1993-12-03T00:00:00,0.08620000809431047,2.5
1993-12-04T00:00:00,0.08580000799894304,2.5
1993-12-05T00:00:00,0.08080000799894303,2.5
1993-12-06T00:00:00,0.07580000799894303,2.5
1993-12-07T00:00:00,0.0966000091433522,2.5
1993-12-08T00:00:00,0.11480000990629166,2.5
1993-12-09T00:00:00,0.1124000100493428,2.5
1993-12-10T00:00:00,0.1488000115752217,2.5
1993-12-11T00:00:00,0.15080001157522172,2.5
1993-12-12T00:00:00,0.19060001081228226,2.5
1993-12-13T00:00:00,0.20600001043081254,2.5
1993-12-14T00:00:00,0.20540001052617995,2.5
1993-12-15T00:00:00,0.21800001090764967,2.5
1993-12-16T00:00:00,0.2316000112891194,2.5
1993-12-17T00:00:00,0.2442000116705891,2.5
1993-12-18T00:00:00,0.2502000116705891,2.5
1993-12-19T00:00:00,0.3028000139594074,2.5
1993-12-20T00:00:00,0.3710000185370441,2.5
1993-12-21T00:00:00,0.37980001872777897,2.5
1993-12-22T00:00:00,0.41020002025365787,2.5
1993-12-23T00:00:00,0.42900002139806703,2.5
1993-12-24T00:00:00,0.4314000214934345,2.5
1993-12-25T00:00:00,0.4264000214934345,2.5
1993-12-26T00:00:00,0.4248000215888019,2.5
1993-12-27T00:00:00,0.42220002168416937,2.5
1993-12-28T00:00:00,0.42320002168416937,2.5
1993-12-29T00:00:00,0.44280002206563907,2.5
1993-12-30T00:00:00,0.46440002244710876,2.5
1993-12-31T00:00:00,0.4884000224471088,2.5
